title,price,location,surface,rooms,baths,link,ville,quartier
Appartement vendre 65 m Martil,480000,"Appartements dans Martil, Toute la ville",65,2,1,https://www.avito.ma/fr/martil/appartements/Appartement_%C3%A0_vendre_65_m%C2%B2_%C3%A0_Martil_55449361.htm,Martil,Toute La Ville
Appartement 2 ch salon balcon Martil 45m 4me tage,300000,"Appartements dans Martil, Toute la ville",2,2,1,https://www.avito.ma/fr/martil/appartements/Appartement_2_ch_salon_balcon_Martil_45m%C2%B2_4%C3%A8me_%C3%A9tage_55361072.htm,Martil,Toute La Ville
Appartement vendre 147 m Bd Fouaratte Casa.,1200000,"Appartements dans Casablanca, Hay Mohammadi",147,4,3,https://www.avito.ma/fr/hay_mohammadi/appartements/Appartement_%C3%A0_vendre_147_m%C2%B2_%C3%A0_Bd_Fouaratte_Casa__56185859.htm,Casablanca,Hay Mohammadi
Studio idal pour investissement 47m,1205000,"Appartements dans Casablanca, Bachkou",47,1,2,https://www.avito.ma/fr/bachkou/appartements/Studio_id%C3%A9al_pour_investissement_47m%C2%B2_57624295.htm,Casablanca,Bachkou
Studio vendre 33m Palmier,970000,"Appartements dans Casablanca, Palmier",33,1,1,https://www.avito.ma/fr/palmier/appartements/Studio_%C3%A0_vendre_33m%C2%B2_%C3%A0_Palmier_57737757.htm,Casablanca,Palmier
Appartement vendre 100 m Marrakech,2400000,"Appartements dans Marrakech, Hivernage",100,2,2,https://www.avito.ma/fr/hivernage/appartements/Appartement_%C3%A0_vendre_100_m%C2%B2_%C3%A0_Marrakech_57764655.htm,Marrakech,Hivernage
CMN-MA-2450 - Appartement vendre Bd Anoual,1800000,"Appartements dans Casablanca, Autre secteur",114,3,2,https://www.avito.ma/fr/autre_secteur/appartements/CMN_MA_2450___Appartement_%C3%A0_vendre_%C3%A0_Bd_Anoual_57276428.htm,Casablanca,Autre Secteur
Studio 49m Neuf Proche Tram Anoual,1020000,"Appartements dans Casablanca, Quartier des Hôpitaux",49,1,1,https://www.avito.ma/fr/quartier_des_h%C3%B4pitaux/appartements/Studio_49m_Neuf_Proche_Tram_Anoual_57486720.htm,Casablanca,Quartier Des Hôpitaux
VENDRE 162M BD ROUDANI MARIF,2650000,"Appartements dans Casablanca, Maarif",162,3,3,https://www.avito.ma/fr/maarif/appartements/%C3%80_VENDRE_162M%C2%B2_BD_ROUDANI___MA%C3%82RIF_57838311.htm,Casablanca,Maarif
Appartement vue sur mer vendre Asilah,2000000,"Appartements dans Asilah, Toute la ville",150,3,3,https://www.avito.ma/fr/asilah/appartements/Appartement_vue_sur_mer_%C3%A0_vendre_%C3%A0_Asilah_57749648.htm,Asilah,Toute La Ville
Appart 105m A Rsidence Casa Park Sidi Maarouf,1250000,"Appartements dans Casablanca, Sidi Maarouf",105,3,2,https://www.avito.ma/fr/sidi_maarouf/appartements/Appart_105m_A_R%C3%A9sidence_Casa_Park_Sidi_Maarouf_57384299.htm,Casablanca,Sidi Maarouf
Appartement 74 m ALMAZ,830000,"Appartements dans Casablanca, Almaz",74,2,1,https://www.avito.ma/fr/almaz/appartements/Appartement_74_m%C2%B2_%C3%A0_ALMAZ_57443082.htm,Casablanca,Almaz
Superbe Appartement Semlalia La Vente,1500000,"Appartements dans Marrakech, Semlalia",109,2,1,https://www.avito.ma/fr/semlalia/appartements/Superbe_Appartement_%C3%80_Semlalia_%C3%80_La_Vente_57779634.htm,Marrakech,Semlalia
Appartement 3 ch bien situ,530000,"Appartements dans Martil, Toute la ville",70,3,1,https://www.avito.ma/fr/martil/appartements/Appartement_3_ch_bien_situ%C3%A9_57838299.htm,Martil,Toute La Ville
Appartement R plus deux // prs de la facult,540000,"Appartements dans El Jadida, Autre secteur",96,2,2,https://www.avito.ma/fr/autre_secteur/appartements/Appartement_R_plus_deux____pr%C3%A8s_de_la_facult%C3%A9_56354412.htm,El Jadida,Autre Secteur
CMN-MA-2188 - Appartement vendre Racine,1680000,"Appartements dans Casablanca, Racine",144,3,1,https://www.avito.ma/fr/racine/appartements/CMN_MA_2188___Appartement_%C3%A0_vendre_%C3%A0_Racine_56537855.htm,Casablanca,Racine
"Appartement 112 mtres, 3 faades avec soutien",830000,"Appartements dans Marrakech, M'Hamid",112,3,1,https://www.avito.ma/fr/m_hamid/appartements/Appartement_112_m%C3%A8tres__3_fa%C3%A7ades_avec_soutien_56223074.htm,Marrakech,M'Hamid
CMN-AN-1884 - Appartement vendre Bourgogne,1300000,"Appartements dans Casablanca, Bourgogne",80,2,1,https://www.avito.ma/fr/bourgogne/appartements/CMN_AN_1884___Appartement_%C3%A0_vendre_%C3%A0_Bourgogne_57370097.htm,Casablanca,Bourgogne
Appart 68m Maarif Ex Prs Carrefour Yacoub,920000,"Appartements dans Casablanca, Maârif Extension",68,2,2,https://www.avito.ma/fr/ma%C3%A2rif_extension/appartements/Appart_68m_Maarif_Ex_Pr%C3%A8s_Carrefour_Yacoub_57779357.htm,Casablanca,Maârif Extension
CMN-ME-1690 - Appartement vendre 2 Mars,1700000,"Appartements dans Casablanca, 2 Mars",85,2,2,https://www.avito.ma/fr/2_mars/appartements/CMN_ME_1690___Appartement_%C3%A0_vendre_%C3%A0_2_Mars_57325115.htm,Casablanca,2 Mars
Appartement vendre 111 m Marrakech,2600000,"Appartements dans Marrakech, Guéliz",111,2,2,https://www.avito.ma/fr/gu%C3%A9liz/appartements/Appartement_%C3%A0_vendre_111_m%C2%B2_%C3%A0_Marrakech_57757647.htm,Marrakech,Guéliz
DES Appartements de 109 m Victoria - BOUSKOURA,855000,"Appartements dans Bouskoura, Victoria",115,3,2,https://www.avito.ma/fr/victoria/appartements/DES_Appartements_de_109_m%C2%B2_%C3%A0_Victoria___BOUSKOURA_56454082.htm,Bouskoura,Victoria
Excellent appartement vendre de 100m dans le quartier Moulay Abdellah,970000,"Appartements dans Casablanca, Aïn Chock",100,2,1,https://www.avito.ma/fr/a%C3%AFn_chock/appartements/Excellent_appartement_%C3%A0_vendre_de_100m%C2%B2_dans_le_quartier_Moulay_Abdellah_57838252.htm,Casablanca,Aïn Chock
Vente Urgente Appartement conomique AinChock Lamkansa4,430000,"Appartements dans Lamkansa, Toute la ville",60,2,2,https://www.avito.ma/fr/lamkansa/appartements/Vente_Urgente_Appartement_%C3%89conomique_AinChock_Lamkansa4_57814995.htm,Lamkansa,Toute La Ville
Appartement Mohammedia au quartier du Parc,1450000,"Appartements dans Mohammedia, Quartier du Parc",125,3,2,https://www.avito.ma/fr/quartier_du_parc/appartements/Appartement_%C3%A0_Mohammedia_au_quartier_du_Parc_57567583.htm,Mohammedia,Quartier Du Parc
L'OPPORTUNIT GULIZ-SEMLALIA 57 m,900000,"Appartements dans Marrakech, Guéliz",57,1,1,https://www.avito.ma/fr/gu%C3%A9liz/appartements/___L_OPPORTUNIT%C3%89_GU%C3%89LIZ_SEMLALIA_57_m%C2%B2_57689796.htm,Marrakech,Guéliz
3 Chambres vendre 112 m Californie,2000000,"Appartements dans Casablanca, Californie",117,3,2,https://www.avito.ma/fr/californie/appartements/3_Chambres_%C3%A0_vendre_112_m%C2%B2_%C3%A0_Californie_56564980.htm,Casablanca,Californie
CMN-AC-2063 - Appartement vendre Sidi Maarouf,900000,"Appartements dans Casablanca, Sidi Maarouf",85,2,2,https://www.avito.ma/fr/sidi_maarouf/appartements/CMN_AC_2063___Appartement_%C3%A0_vendre_%C3%A0_Sidi_Maarouf_57349576.htm,Casablanca,Sidi Maarouf
2 Appartements moyen standing vendre Benguerir,520000,"Appartements dans Ben Guerir, Toute la ville",92,2,2,https://www.avito.ma/fr/ben_guerir/appartements/2_Appartements_moyen_standing_%C3%A0_vendre___Benguerir_56548870.htm,Ben Guerir,Toute La Ville
Appartement vendre 90 m Limoune Ouled Tema,585000,"Appartements dans Ouled Teïma, Toute la ville",90,3,1,https://www.avito.ma/fr/ouled_te%C3%AFma/appartements/Appartement_%C3%A0_vendre_90_m%C2%B2_Limoune_%C3%A0_Ouled_Te%C3%AFma_56824722.htm,Ouled Teïma,Toute La Ville
CMN-HA-1859 - Appartement vendre Beausjour,1270000,"Appartements dans Casablanca, Beauséjour",95,2,2,https://www.avito.ma/fr/beaus%C3%A9jour/appartements/CMN_HA_1859___Appartement_%C3%A0_vendre_%C3%A0_Beaus%C3%A9jour_57245367.htm,Casablanca,Beauséjour
Appt 3 ch salon vendre Val Fleuri,1800000,"Appartements dans Casablanca, Val Fleuri",126,3,2,https://www.avito.ma/fr/val_fleuri/appartements/Appt_3_ch_salon_%C3%A0_vendre_%C3%A0_Val_Fleuri_56660584.htm,Casablanca,Val Fleuri
3 Chambres vendre 143 m Californie,2255000,"Appartements dans Casablanca, Californie",143,3,2,https://www.avito.ma/fr/californie/appartements/3_Chambres_%C3%A0_vendre_143_m%C2%B2_%C3%A0_Californie_56512306.htm,Casablanca,Californie
Appartement meubl 3 chambres vendre Tanger,650000,"Appartements dans Tanger, Hay Hassani",70,3,1,https://www.avito.ma/fr/hay_hassani/appartements/Appartement_meubl%C3%A9_3_chambres_%C3%A0_vendre_Tanger_57304897.htm,Tanger,Hay Hassani
CMN-AN-1875 - Appartement vendre Bourgogne,1500000,"Appartements dans Casablanca, Bourgogne",113,3,1,https://www.avito.ma/fr/bourgogne/appartements/CMN_AN_1875___Appartement_%C3%A0_vendre_%C3%A0_Bourgogne_57306326.htm,Casablanca,Bourgogne
Appartement 100 m Les Collines Sidi Maarouf,1180000,"Appartements dans Casablanca, Sidi Maarouf",100,3,2,https://www.avito.ma/fr/sidi_maarouf/appartements/Appartement_100_m%C2%B2_Les_Collines_Sidi_Maarouf_57755840.htm,Casablanca,Sidi Maarouf
Appartement 67 m BOUSKOURA prix imbattable,690000,"Appartements dans Casablanca, Autre secteur",67,2,1,https://www.avito.ma/fr/autre_secteur/appartements/Appartement_67_m%C2%B2_%C3%A0_BOUSKOURA_prix_imbattable_57595128.htm,Casablanca,Autre Secteur
Appartement en vente 61m Gueliz Piscine Rooftop,1500000,"Appartements dans Marrakech, Guéliz",61,1,1,https://www.avito.ma/fr/gu%C3%A9liz/appartements/Appartement_en_vente_61m%C2%B2_%C3%A0_Gueliz_Piscine_Rooftop_57656300.htm,Marrakech,Guéliz
CMN-MA-2478 - Appartement vendre Burger,2200000,"Appartements dans Casablanca, Maarif",197,4,1,https://www.avito.ma/fr/maarif/appartements/CMN_MA_2478___Appartement_%C3%A0_vendre_%C3%A0_Burger_57365012.htm,Casablanca,Maarif
Appartement vendre 60 m Marrakech,1200000,"Appartements dans Marrakech, Guéliz",60,1,1,https://www.avito.ma/fr/gu%C3%A9liz/appartements/Appartement_%C3%A0_vendre_60_m%C2%B2_%C3%A0_Marrakech_57585644.htm,Marrakech,Guéliz
Studio-Neuf/JamaisHabit/ 62M/Tram Busway Ghandi,880000,"Appartements dans Casablanca, Maarif",62,1,1,https://www.avito.ma/fr/maarif/appartements/Studio_Neuf_JamaisHabit%C3%A9__62M%C2%B2_Tram_Busway_Ghandi_57189622.htm,Casablanca,Maarif
A vendre un appart de 4 chambres sans voisins,3400000,"Appartements dans Casablanca, Quartier des Hôpitaux",274,4,3,https://www.avito.ma/fr/quartier_des_h%C3%B4pitaux/appartements/A_vendre_un_appart_de_4_chambres_sans_voisins_57375208.htm,Casablanca,Quartier Des Hôpitaux
Appartement 2 chambres corniche investisseurs airbnb,1100000,"Appartements dans Tanger, Malabata",75,2,1,https://www.avito.ma/fr/malabata/appartements/Appartement_2_chambres_corniche_investisseurs_airbnb_57831155.htm,Tanger,Malabata
Appartement vendre 51 m Casablanca,1000000,"Appartements dans Casablanca, Gauthier",51,1,1,https://www.avito.ma/fr/gauthier/appartements/Appartement_%C3%A0_vendre_51_m%C2%B2_%C3%A0_Casablanca_57808527.htm,Casablanca,Gauthier
"Superbe appartement vendre dans le quartier Golf, route des Rmilat",960000,"Appartements dans Tanger, Du Golf",79,2,1,https://www.avito.ma/fr/du_golf/appartements/Superbe_appartement_%C3%A0_vendre_dans_le_quartier_Golf__route_des_Rmilat_57030107.htm,Tanger,Du Golf
Superbe appartement Dar Bouazza,2850000,"Appartements dans Dar Bouazza, Toute la ville",199,4,3,https://www.avito.ma/fr/dar_bouazza/appartements/Superbe_appartement_%C3%A0_Dar_Bouazza_57699278.htm,Dar Bouazza,Toute La Ville
Appartements vendre 56 m Marrakech,560000,"Appartements dans Marrakech, Mabrouka",56,2,1,https://www.avito.ma/fr/mabrouka/appartements/Appartements_%C3%A0_vendre_56_m%C2%B2_%C3%A0_Marrakech_57418106.htm,Marrakech,Mabrouka
Appartement neuf vendre 71 m Marrakech,460000,"Appartements dans Marrakech, M'Hamid",71,3,2,https://www.avito.ma/fr/m_hamid/appartements/Appartement_neuf_%C3%A0_vendre_71_m%C2%B2_%C3%A0_Marrakech_53696929.htm,Marrakech,M'Hamid
Appartement vendre 85 m Sidi Rahal,990000,"Appartements dans Sidi Rahal, Toute la ville",85,2,1,https://www.avito.ma/fr/sidi_rahal/appartements/Appartement_%C3%A0_vendre_85_m%C2%B2_%C3%A0_Sidi_Rahal_57616748.htm,Sidi Rahal,Toute La Ville
Appartement vendre 74 m Casablanca,780000,"Appartements dans Casablanca, Sidi Maarouf",74,2,2,https://www.avito.ma/fr/sidi_maarouf/appartements/Appartement_%C3%A0_vendre_74_m%C2%B2_%C3%A0_Casablanca_57677252.htm,Casablanca,Sidi Maarouf
Appartement vendre 104 m Mohammedia,1590000,"Appartements dans Mohammedia, Quartier du Parc",104,2,2,https://www.avito.ma/fr/quartier_du_parc/appartements/Appartement_%C3%A0_vendre_104_m%C2%B2_%C3%A0_Mohammedia_57711440.htm,Mohammedia,Quartier Du Parc
Appartement vendre opportunit unique Sad Hajji Sal,620000,"Appartements dans Salé, Said Hajji",70,2,1,https://www.avito.ma/fr/said_hajji/appartements/Appartement_%C3%A0_vendre_opportunit%C3%A9_unique_%C3%A0_Sa%C3%AFd_Hajji___Sal%C3%A9_57812395.htm,Salé,Said Hajji
Duplex meubl vendre prs du stade Ibn Batouta,1300000,"Appartements dans Tanger, Ziatene",140,2,1,https://www.avito.ma/fr/ziatene/appartements/Duplex_meubl%C3%A9_%C3%A0_vendre_pr%C3%A8s_du_stade_Ibn_Batouta_57110774.htm,Tanger,Ziatene
Appartement vendre 87 m Casablanca,700000,"Appartements dans Casablanca, Aïn Chock",87,2,1,https://www.avito.ma/fr/a%C3%AFn_chock/appartements/Appartement_%C3%A0_vendre_87_m%C2%B2_%C3%A0_Casablanca_57838125.htm,Casablanca,Aïn Chock
Appartement 109 m Sal en cours de construction,1320000,"Appartements dans Salé, Sala El Jadida",109,3,2,https://www.avito.ma/fr/sala_el_jadida/appartements/Appartement_109_m%C2%B2_%C3%A0_Sal%C3%A9_en_cours_de_construction_57366961.htm,Salé,Sala El Jadida
Neuf Appartement vendre 63 m Agadir,780000,"Appartements dans Agadir, Hay Mohammadi",63,2,1,https://www.avito.ma/fr/hay_mohammadi/appartements/Neuf_Appartement_%C3%A0_vendre_63_m%C2%B2_%C3%A0_Agadir_57604791.htm,Agadir,Hay Mohammadi
Appartement vendre 102 m Agadir,2750000,"Appartements dans Agadir, Founty",102,2,3,https://www.avito.ma/fr/founty/appartements/Appartement_%C3%A0_vendre_102_m%C2%B2_%C3%A0_Agadir_57094364.htm,Agadir,Founty
Appartement traversant avec vue merDernier tage,2300000,"Appartements dans Casablanca, Anfa",121,2,1,https://www.avito.ma/fr/anfa/appartements/Appartement_traversant_avec_vue_mer_Dernier_%C3%A9tage_57401272.htm,Casablanca,Anfa
VENDRE APPARTEMENT SALON 3 CHAMBRES 70m2,735000,"Appartements dans Casablanca, Autre secteur",70,3,2,https://www.avito.ma/fr/autre_secteur/appartements/%C3%80_VENDRE_APPARTEMENT_SALON_3_CHAMBRES_70m2_57279776.htm,Casablanca,Autre Secteur
Appartement vendre 136 m Casablanca,2500000,"Appartements dans Casablanca, Val Fleuri",136,3,2,https://www.avito.ma/fr/val_fleuri/appartements/Appartement_%C3%A0_vendre_136_m%C2%B2_%C3%A0_Casablanca_57734809.htm,Casablanca,Val Fleuri
Spacieux appartement deux faades Belvdre,1100000,"Appartements dans Casablanca, Belvédère",163,2,2,https://www.avito.ma/fr/belv%C3%A9d%C3%A8re/appartements/Spacieux_appartement_deux_fa%C3%A7ades_Belv%C3%A9d%C3%A8re_57130099.htm,Casablanca,Belvédère
Excellents appartements vendre,900000,"Appartements dans Temara, Autre secteur",120,4,2,https://www.avito.ma/fr/autre_secteur/appartements/Excellents_appartements_%C3%A0_vendre_56831884.htm,Temara,Autre Secteur
Appartement 2 ch vendre vue sur mer,2900000,"Appartements dans Tanger, Malabata",82,2,1,https://www.avito.ma/fr/malabata/appartements/Appartement_2_ch_%C3%A0_vendre_vue_sur_mer_57080322.htm,Tanger,Malabata
Duplex vendre 124 m Targa 11000 dhs m2,1364000,"Appartements dans Marrakech, Targa",124,4,2,https://www.avito.ma/fr/targa/appartements/Duplex_%C3%A0_vendre_124_m%C2%B2_%C3%A0_Targa_11000_dhs_m2_57831838.htm,Marrakech,Targa
Appartement Meubl vendre l'Houda,640000,"Appartements dans Agadir, El Houda",55,2,1,https://www.avito.ma/fr/el_houda/appartements/Appartement_Meubl%C3%A9_%C3%A0_vendre_%C3%A0_l_Houda_57768697.htm,Agadir,El Houda
Appartement avec terrasse vendre Hay Azdehar,860000,"Appartements dans Marrakech, Hay Izdihar",69,2,1,https://www.avito.ma/fr/hay_izdihar/appartements/Appartement_avec_terrasse___%C3%A0_vendre_%C3%A0_Hay_Azdehar_57574042.htm,Marrakech,Hay Izdihar
Appart 93 m Sal en cours de construction,1095000,"Appartements dans Salé, Sala El Jadida",93,3,2,https://www.avito.ma/fr/sala_el_jadida/appartements/Appart_93_m%C2%B2_%C3%A0_Sal%C3%A9_en_cours_de_construction_57366771.htm,Salé,Sala El Jadida
Appart 97 m Sal en cours de construction,1165000,"Appartements dans Salé, Sala El Jadida",97,2,2,https://www.avito.ma/fr/sala_el_jadida/appartements/Appart_97_m%C2%B2_%C3%A0_Sal%C3%A9_en_cours_de_construction_57366786.htm,Salé,Sala El Jadida
Studio de 60 m vendre Marrakech,1140000,"Appartements dans Marrakech, Guéliz",60,1,1,https://www.avito.ma/fr/gu%C3%A9liz/appartements/Studio_de_60_m%C2%B2_%C3%A0_vendre_%C3%A0_Marrakech_57765700.htm,Marrakech,Guéliz
Appartement vendre 76 m Marrakech,1500000,"Appartements dans Marrakech, Victor Hugo",76,2,2,https://www.avito.ma/fr/victor_hugo/appartements/Appartement_%C3%A0_vendre_76_m%C2%B2_%C3%A0_Marrakech_57647629.htm,Marrakech,Victor Hugo
A vendre un bel appartement avec terrasse,2480000,"Appartements dans Casablanca, Palmier",140,3,2,https://www.avito.ma/fr/palmier/appartements/A_vendre_un_bel_appartement_avec_terrasse_57373926.htm,Casablanca,Palmier
A vendre un joli appartement de 3 chambres,2450000,"Appartements dans Casablanca, Racine",132,3,3,https://www.avito.ma/fr/racine/appartements/A_vendre_un_joli_appartement_de_3_chambres_57415416.htm,Casablanca,Racine
Apt Neuf 3 Chambres 1Salon roudani Maarif,1400000,"Appartements dans Casablanca, Maarif",70,3,1,https://www.avito.ma/fr/maarif/appartements/Apt_Neuf_3_Chambres_1Salon_roudani_Maarif_57343247.htm,Casablanca,Maarif
Appartement rnov avec belle vue,390000,"Appartements dans Marrakech, Azzouzia",59,2,1,https://www.avito.ma/fr/azzouzia/appartements/___Appartement_r%C3%A9nov%C3%A9_avec_belle_vue_57797690.htm,Marrakech,Azzouzia
Appartement vendre Hay Salam Oujda,380000,"Appartements dans Oujda, Hay Salam",53,2,1,https://www.avito.ma/fr/hay_salam/appartements/Appartement_%C3%A0_vendre_%C3%A0_Hay_Salam_Oujda_57780476.htm,Oujda,Hay Salam
Appartement vendre 98 m Marrakech,1500000,"Appartements dans Marrakech, Guéliz",98,2,2,https://www.avito.ma/fr/gu%C3%A9liz/appartements/Appartement_%C3%A0_vendre_98_m%C2%B2_%C3%A0_Marrakech_57736559.htm,Marrakech,Guéliz
Duplex RDC 47 m en vente - piscine Rooftop,1708000,"Appartements dans Marrakech, Av Abdelkrim El Khattabi",47,1,2,https://www.avito.ma/fr/av_abdelkrim_el_khattabi/appartements/Duplex_RDC_47_m%C2%B2_en_vente___piscine_Rooftop_57606328.htm,Marrakech,Av Abdelkrim El Khattabi
TRIANGLE DOR BEL APPT A VENDRE AVEC TERRASSE,3750000,"Appartements dans Casablanca, Triangle d'Or",267,3,2,https://www.avito.ma/fr/triangle_d_or/appartements/TRIANGLE_D_OR_BEL_APPT_A_VENDRE_AVEC_TERRASSE_55809049.htm,Casablanca,Triangle D'Or
Appartement vendre 149 m Casablanca,850000,"Appartements dans Casablanca, Belvédère",149,3,2,https://www.avito.ma/fr/belv%C3%A9d%C3%A8re/appartements/Appartement_%C3%A0_vendre_149_m%C2%B2_%C3%A0_Casablanca_57832871.htm,Casablanca,Belvédère
Appartement 66 m Hay Nakhil Oujda,690000,"Appartements dans Oujda, Autre secteur",66,3,1,https://www.avito.ma/fr/autre_secteur/appartements/Appartement_66_m%C2%B2_%C3%A0_Hay_Nakhil_Oujda_55904368.htm,Oujda,Autre Secteur
A VENDRE APPARTEMENTS NEUFS AVEC TITRES FONCIERS,575000,"Appartements dans Kénitra, Bir Rami",90,3,1,https://www.avito.ma/fr/bir_rami/appartements/A_VENDRE_APPARTEMENTS_NEUFS_AVEC_TITRES_FONCIERS_57372793.htm,Kénitra,Bir Rami
Appartement en vente 65m Gueliz-Piscine Rooftop,1498000,"Appartements dans Marrakech, Guéliz",65,1,1,https://www.avito.ma/fr/gu%C3%A9liz/appartements/Appartement_en_vente_65m%C2%B2_%C3%A0_Gueliz_Piscine_Rooftop_57658705.htm,Marrakech,Guéliz
Studio neuf 41 m2 vendre Roche Noires,640000,"Appartements dans Casablanca, Roches Noires",41,1,1,https://www.avito.ma/fr/roches_noires/appartements/Studio_neuf_41_m2_%C3%A0_vendre_Roche_Noires_55587139.htm,Casablanca,Roches Noires
Duplex vendre avec piscine proche Guliz,1050000,"Appartements dans Marrakech, Mabrouka",95,3,2,https://www.avito.ma/fr/mabrouka/appartements/Duplex_%C3%A0_vendre_avec_piscine_proche_Gu%C3%A9liz_57727756.htm,Marrakech,Mabrouka
Habit immobilier met en vente un joli studio,1180000,"Appartements dans Casablanca, Bourgogne",60,1,1,https://www.avito.ma/fr/bourgogne/appartements/Habit_immobilier_met_en_vente_un_joli_studio_57406412.htm,Casablanca,Bourgogne
MARIF JOLI APPARTEMENT 109 m VENDRE,1050000,"Appartements dans Casablanca, Maarif",109,2,2,https://www.avito.ma/fr/maarif/appartements/MA%C3%82RIF_JOLI_APPARTEMENT_109_m%C2%B2_%C3%80_VENDRE_57654876.htm,Casablanca,Maarif
Appartement vendre 75 m Casablanca,650000,"Appartements dans Casablanca, Ain Sebaa",75,2,1,https://www.avito.ma/fr/ain_sebaa/appartements/Appartement_%C3%A0_vendre_75_m%C2%B2_%C3%A0_Casablanca_57634469.htm,Casablanca,Ain Sebaa
Appart 118 m tage 3 Sidi Maarouf,1200000,"Appartements dans Casablanca, Sidi Maarouf",118,3,2,https://www.avito.ma/fr/sidi_maarouf/appartements/Appart_118_m%C2%B2_%C3%89tage_3_Sidi_Maarouf_57742399.htm,Casablanca,Sidi Maarouf
Bel appartement neuf vendre Oasis,2400000,"Appartements dans Casablanca, Oasis",118,3,2,https://www.avito.ma/fr/oasis/appartements/Bel_appartement_neuf_%C3%A0_vendre_%C3%A0_Oasis_57797969.htm,Casablanca,Oasis
Appartement vue sur la gare routire sans intermdiaire,550000,"Appartements dans Tanger, Autre secteur",67,2,1,https://www.avito.ma/fr/autre_secteur/appartements/Appartement_vue_sur_la_gare_routi%C3%A8re_sans_interm%C3%A9diaire_56169439.htm,Tanger,Autre Secteur
Magnifique penthouse vendre ou louer Wifac,3150000,"Appartements dans Temara, Wifak",230,4,2,https://www.avito.ma/fr/wifak/appartements/Magnifique_penthouse_%C3%A0_vendre_ou_%C3%A0_louer_%C3%A0_Wifac_57321110.htm,Temara,Wifak
DUPLEX D'EXCEPTION Vue MER vendre MARINA Casa,3690000,"Appartements dans Casablanca, Marina",204,2,2,https://www.avito.ma/fr/marina/appartements/DUPLEX_D_EXCEPTION_Vue_MER_%C3%A0_vendre_MARINA_Casa_57838040.htm,Casablanca,Marina
Appartement vendre 100 m Marrakech,1200000,"Appartements dans Marrakech, Semlalia",100,3,2,https://www.avito.ma/fr/semlalia/appartements/Appartement_%C3%A0_vendre_100_m%C2%B2_%C3%A0_Marrakech_57604838.htm,Marrakech,Semlalia
Appartement vendre 48m Gueliz - Piscine Rooftop,1077000,"Appartements dans Marrakech, Guéliz",49,1,1,https://www.avito.ma/fr/gu%C3%A9liz/appartements/Appartement_%C3%A0_vendre_48m%C2%B2_%C3%A0_Gueliz___Piscine_Rooftop_57658624.htm,Marrakech,Guéliz
Appartement vendre Sable d'Or Harhoura,2200000,"Appartements dans Temara, Harhoura",134,3,2,https://www.avito.ma/fr/harhoura/appartements/Appartement_%C3%A0_vendre_Sable_d_Or_%C3%A0_Harhoura_57704808.htm,Temara,Harhoura
Appartement 67 m BOUSKOURA prix imbattable,690000,"Appartements dans Casablanca, Autre secteur",67,2,1,https://www.avito.ma/fr/autre_secteur/appartements/Appartement_67_m%C2%B2_%C3%A0_BOUSKOURA_prix_imbattable_57595127.htm,Casablanca,Autre Secteur
Appartement vendre 145 m la marina casablanca,3900000,"Appartements dans Tanger, Autre secteur",155,2,3,https://www.avito.ma/fr/autre_secteur/appartements/Appartement_%C3%A0_vendre_145_m%C2%B2_%C3%A0_la_marina_casablanca_56472283.htm,Tanger,Autre Secteur
APPART 3CH 118 m plus 12 m de parking Palmier,2260000,"Appartements dans Casablanca, Maarif",118,3,1,https://www.avito.ma/fr/maarif/appartements/APPART_3CH___118_m%C2%B2_plus_12_m%C2%B2_de_parking_%C3%A0_Palmier_57686401.htm,Casablanca,Maarif
Meilleur invest Studio Neuf 62M Tram Busway Ghandi,880000,"Appartements dans Casablanca, Casablanca Finance City",62,1,1,https://www.avito.ma/fr/casablanca_finance_city/appartements/Meilleur_invest_Studio_Neuf_62M_Tram_Busway_Ghandi_57189382.htm,Casablanca,Casablanca Finance City
Appartement en vent 51m Gueliz-Piscine Rooftop,1267000,"Appartements dans Marrakech, Guéliz",51,1,1,https://www.avito.ma/fr/gu%C3%A9liz/appartements/Appartement_en_vent_51m%C2%B2_%C3%A0_Gueliz_Piscine_Rooftop_57658657.htm,Marrakech,Guéliz
Appartement neuf avec ascenseur et parking,440000,"Appartements dans Casablanca, Sidi Othmane",81,2,1,https://www.avito.ma/fr/sidi_othmane/appartements/Appartement_neuf_avec_ascenseur_et_parking_55310114.htm,Casablanca,Sidi Othmane
Appartement vendre 70 m Had Soualem,260000,"Appartements dans Had Soualem, Toute la ville",70,3,1,https://www.avito.ma/fr/had_soualem/appartements/Appartement_%C3%A0_vendre_70_m%C2%B2_%C3%A0_Had_Soualem_57838006.htm,Had Soualem,Toute La Ville
Appartement vendre 61 m Marrakech,1530000,"Appartements dans Marrakech, Guéliz",61,1,1,https://www.avito.ma/fr/gu%C3%A9liz/appartements/Appartement_%C3%A0_vendre_61_m%C2%B2_%C3%A0_Marrakech_57656693.htm,Marrakech,Guéliz
Appartement vendre Rsidence noria 2 chambres,2300000,"Appartements dans Marrakech, Autre secteur",84,2,2,https://www.avito.ma/fr/autre_secteur/appartements/Appartement_%C3%A0_vendre_R%C3%A9sidence_noria_2_chambres_57372719.htm,Marrakech,Autre Secteur
vendre appartement quartier Kenidi,500000,"Appartements dans Safi, Ville Nouvelle",81,3,2,https://www.avito.ma/fr/ville_nouvelle/appartements/%C3%80_vendre_appartement_quartier_Kenidi_57559189.htm,Safi,Ville Nouvelle
Projet Prestigieux avec piscine Route de Casa,669000,"Appartements dans Marrakech, Guéliz",1,1,1,https://www.avito.ma/fr/gu%C3%A9liz/appartements/Projet_Prestigieux_avec_piscine_Route_de_Casa_54457734.htm,Marrakech,Guéliz
Appartement vendre 117 m Marrakech,1800000,"Appartements dans Marrakech, Guéliz",117,3,3,https://www.avito.ma/fr/gu%C3%A9liz/appartements/Appartement_%C3%A0_vendre_117_m%C2%B2_%C3%A0_Marrakech_57756948.htm,Marrakech,Guéliz
Studio Neuf 53m2 Balcon Clim Riviera,1060000,"Appartements dans Casablanca, Riviera",53,1,1,https://www.avito.ma/fr/riviera/appartements/Studio_Neuf_53m2_Balcon_Clim_Riviera_55740690.htm,Casablanca,Riviera
Rsidence River Palm,1500000,"Appartements dans Marrakech, Route de Casablanca",90,2,2,https://www.avito.ma/fr/route_de_casablanca/appartements/R%C3%A9sidence_River_Palm_57756080.htm,Marrakech,Route De Casablanca
Appartement vendre 92 m El Jadida,750000,"Appartements dans El Jadida, Hay Essalam",92,3,2,https://www.avito.ma/fr/hay_essalam/appartements/Appartement_%C3%A0_vendre_92_m%C2%B2_%C3%A0_El_Jadida_57837955.htm,El Jadida,Hay Essalam
appartement meubl vendre,1100000,"Appartements dans Kénitra, Mimosas",110,3,2,https://www.avito.ma/fr/mimosas/appartements/appartement_meubl%C3%A9_%C3%A0_vendre_57763197.htm,Kénitra,Mimosas
PALMIER JOLI STUDIO NEUF AVEC TERRASSE VENDRE,1235000,"Appartements dans Casablanca, Palmier",54,1,1,https://www.avito.ma/fr/palmier/appartements/PALMIER_JOLI_STUDIO_NEUF_AVEC_TERRASSE_%C3%80_VENDRE_57392471.htm,Casablanca,Palmier
Appartement vendre Temara,960000,"Appartements dans Temara, Autre secteur",128,3,1,https://www.avito.ma/fr/autre_secteur/appartements/Appartement_%C3%A0_vendre_%C3%A0_Temara_45494983.htm,Temara,Autre Secteur
LA PERLA BLANCA -E-8 25/56952,1150000,"Appartements dans Benslimane, Autre secteur",114,3,2,https://www.avito.ma/fr/autre_secteur/appartements/LA_PERLA_BLANCA__E_8_25_56952_57813601.htm,Benslimane,Autre Secteur
Appartement vendre 60 m Marrakech,1320000,"Appartements dans Marrakech, Guéliz",60,2,1,https://www.avito.ma/fr/gu%C3%A9liz/appartements/Appartement_%C3%A0_vendre_60_m%C2%B2_%C3%A0_Marrakech_57658682.htm,Marrakech,Guéliz
Studio Neuf 42m2 Balcon Garage Maarif,960000,"Appartements dans Casablanca, Maarif",42,1,1,https://www.avito.ma/fr/maarif/appartements/Studio_Neuf_42m2__Balcon_Garage_Maarif_57421540.htm,Casablanca,Maarif
"Rsidence Prestige 2, Quartier Al-Azhar",860000,"Appartements dans Casablanca, Sidi Bernoussi",101,3,2,https://www.avito.ma/fr/sidi_bernoussi/appartements/R%C3%A9sidence_Prestige_2__Quartier_Al_Azhar_56176008.htm,Casablanca,Sidi Bernoussi
Luxueux studio en vente a Gueliz pour AIRBNB,1526500,"Appartements dans Marrakech, Av Abdelkrim El Khattabi",61,1,1,https://www.avito.ma/fr/av_abdelkrim_el_khattabi/appartements/Luxueux_studio_en_vente_a_Gueliz_pour_AIRBNB_57606267.htm,Marrakech,Av Abdelkrim El Khattabi
LEXCEPTION URBAINE Duplex 66 m Guliz,1518000,"Appartements dans Marrakech, Guéliz",65,1,1,https://www.avito.ma/fr/gu%C3%A9liz/appartements/___L_EXCEPTION_URBAINE_Duplex_66_m%C2%B2_%C3%A0_Gu%C3%A9liz_57674996.htm,Marrakech,Guéliz
CMN-SI-1877 - Appartement vendre Bourgogne Est,1050000,"Appartements dans Casablanca, Bourgogne",76,2,1,https://www.avito.ma/fr/bourgogne/appartements/CMN_SI_1877___Appartement_%C3%A0_vendre_%C3%A0_Bourgogne_Est_57328148.htm,Casablanca,Bourgogne
CMN-MA-2470 - Appartement vendre Les Hpitaux,1450000,"Appartements dans Casablanca, Quartier des Hôpitaux",117,3,1,https://www.avito.ma/fr/quartier_des_h%C3%B4pitaux/appartements/CMN_MA_2470___Appartement_%C3%A0_vendre_%C3%A0_Les_H%C3%B4pitaux_57340348.htm,Casablanca,Quartier Des Hôpitaux
Appartement vendre 69 m Casablanca,440000,"Appartements dans Casablanca, Aïn Borja",69,3,1,https://www.avito.ma/fr/a%C3%AFn_borja/appartements/Appartement_%C3%A0_vendre_69_m%C2%B2_%C3%A0_Casablanca_38635452.htm,Casablanca,Aïn Borja
"Appartement rnov proche gare, plage et zoo",600000,"Appartements dans Casablanca, Ain Sebaa",67,2,1,https://www.avito.ma/fr/ain_sebaa/appartements/Appartement_r%C3%A9nov%C3%A9_proche_gare__plage_et_zoo_57778622.htm,Casablanca,Ain Sebaa
Duplex meubl au centre gueliz pour investissement,850000,"Appartements dans Marrakech, Guéliz",53,1,1,https://www.avito.ma/fr/gu%C3%A9liz/appartements/Duplex_meubl%C3%A9_au_centre_gueliz_pour_investissement_57780457.htm,Marrakech,Guéliz
Appartement vendre 110 m Casablanca,1700000,"Appartements dans Casablanca, 2 Mars",110,3,2,https://www.avito.ma/fr/2_mars/appartements/Appartement_%C3%A0_vendre_110_m%C2%B2_%C3%A0_Casablanca_57775489.htm,Casablanca,2 Mars
appartement vendre,1200000,"Appartements dans Tanger, Aida",97,3,2,https://www.avito.ma/fr/aida/appartements/appartement_%C3%A0_vendre_57758453.htm,Tanger,Aida
Appartement vendre 88 m Mohammedia,980000,"Appartements dans Mohammedia, Corniche",96,3,2,https://www.avito.ma/fr/corniche/appartements/Appartement_%C3%A0_vendre_88_m%C2%B2_%C3%A0_Mohammedia_57837850.htm,Mohammedia,Corniche
VENTE DIRECTE SUPERBES APPARTEMENTS,860000,"Appartements dans Casablanca, Hay Hassani",78,2,2,https://www.avito.ma/fr/hay_hassani/appartements/VENTE_DIRECTE_SUPERBES_APPARTEMENTS_57279893.htm,Casablanca,Hay Hassani
Appartement vendre 104m Amanar Agadir,1456000,"Appartements dans Agadir, Centre Ville",104,3,1,https://www.avito.ma/fr/centre_ville/appartements/Appartement_%C3%A0_vendre_104m%C2%B2_Amanar_%C3%A0_Agadir_56449553.htm,Agadir,Centre Ville
Appartement vendre rue Royal Army,1500000,"Appartements dans Tétouan, Centre ville",150,3,2,https://www.avito.ma/fr/centre_ville/appartements/Appartement_%C3%A0_vendre_rue_Royal_Army_55897749.htm,Tétouan,Centre Ville
"Appartement 74 m, ascenseur, syndic, dclaration totale",555000,"Appartements dans Tanger, Tanja Balia",74,2,1,https://www.avito.ma/fr/tanja_balia/appartements/Appartement_74_m%C2%B2__ascenseur__syndic__d%C3%A9claration_totale_57837840.htm,Tanger,Tanja Balia
Grand Appartement Mhamid Avenue Nakhil,820000,"Appartements dans Marrakech, M'Hamid",126,2,2,https://www.avito.ma/fr/m_hamid/appartements/Grand_Appartement_Mhamid_Avenue_Nakhil_57161563.htm,Marrakech,M'Hamid
Appartement vendre 88 m Dar Bouazza,1200000,"Appartements dans Dar Bouazza, Toute la ville",88,2,2,https://www.avito.ma/fr/dar_bouazza/appartements/Appartement_%C3%A0_vendre_88_m%C2%B2_%C3%A0_Dar_Bouazza_57569111.htm,Dar Bouazza,Toute La Ville
Appartement vendre 54 m Casablanca,500000,"Appartements dans Casablanca, Oulfa",54,2,1,https://www.avito.ma/fr/oulfa/appartements/Appartement_%C3%A0_vendre_54_m%C2%B2_%C3%A0_Casablanca_54903537.htm,Casablanca,Oulfa
Appartement vue mer Anza Miftah Sahil meubl,1200000,"Appartements dans Agadir, Anza",60,1,1,https://www.avito.ma/fr/anza/appartements/Appartement_vue_mer_Anza_Miftah_Sahil_meubl%C3%A9_57729148.htm,Agadir,Anza
CMN-SI-1879 - Appartement vendre Ziraoui,3480000,"Appartements dans Casablanca, Bourgogne",260,3,2,https://www.avito.ma/fr/bourgogne/appartements/CMN_SI_1879___Appartement_%C3%A0_vendre_%C3%A0_Ziraoui_57331613.htm,Casablanca,Bourgogne
Appartement vendre 129 m Casablanca,1700000,"Appartements dans Casablanca, Almaz",146,3,3,https://www.avito.ma/fr/almaz/appartements/Appartement_%C3%A0_vendre_129_m%C2%B2_%C3%A0_Casablanca_57503328.htm,Casablanca,Almaz
Appartement vendre 73m La Perle Bleue Dakhla,581625,"Appartements dans Dakhla, Toute la ville",73,3,1,https://www.avito.ma/fr/dakhla/appartements/Appartement_%C3%A0_vendre_73m%C2%B2_La_Perle_Bleue_%C3%A0_Dakhla_56420853.htm,Dakhla,Toute La Ville
Appartement meubl 76 m ascenseur syndic sur la rue,798000,"Appartements dans Tanger, Tanja Balia",76,2,1,https://www.avito.ma/fr/tanja_balia/appartements/Appartement_meubl%C3%A9_76_m_ascenseur_syndic_sur_la_rue_57837828.htm,Tanger,Tanja Balia
Appartement vendre 50 m Marrakech,1200000,"Appartements dans Marrakech, Victor Hugo",50,1,1,https://www.avito.ma/fr/victor_hugo/appartements/Appartement_%C3%A0_vendre_50_m%C2%B2_%C3%A0_Marrakech_57584074.htm,Marrakech,Victor Hugo
Appartement vendre 123 m Casablanca,1780000,"Appartements dans Casablanca, Abdelmoumen",123,3,2,https://www.avito.ma/fr/abdelmoumen/appartements/Appartement_%C3%A0_vendre_123_m%C2%B2_%C3%A0_Casablanca_55242385.htm,Casablanca,Abdelmoumen
"Appartement avec terrasse 118 m, ascenseur, syndic, 3 minutes de la gare",800000,"Appartements dans Tanger, Tanja Balia",118,2,1,https://www.avito.ma/fr/tanja_balia/appartements/Appartement_avec_terrasse_118_m%C2%B2__ascenseur__syndic__3_minutes_de_la_gare_57837794.htm,Tanger,Tanja Balia
"Appartement vendre au quatrime tage, excellent emplacement",395000,"Appartements dans Bouznika, Autre secteur",56,2,1,https://www.avito.ma/fr/autre_secteur/appartements/Appartement_%C3%A0_vendre_au_quatri%C3%A8me_%C3%A9tage__excellent_emplacement_57210053.htm,Bouznika,Autre Secteur
Appartement 4 pices 2 salles de bain ascenseur syndic sur la rue,1070000,"Appartements dans Tanger, Tanja Balia",102,4,2,https://www.avito.ma/fr/tanja_balia/appartements/Appartement_4_pi%C3%A8ces_2_salles_de_bain_ascenseur_syndic_sur_la_rue_57837786.htm,Tanger,Tanja Balia
Appartement vendre105mLes Jardins de la Coupole,1369592,"Appartements dans Agadir, Av Mokawama",105,4,1,https://www.avito.ma/fr/av_mokawama/appartements/Appartement_%C3%A0_vendre105m%C2%B2Les_Jardins_de_la_Coupole_56420860.htm,Agadir,Av Mokawama
Appartement Massira 1 Ahbass 4me tage,780000,"Appartements dans Marrakech, Massira 1",113,2,1,https://www.avito.ma/fr/massira_1/appartements/Appartement_Massira_1_Ahbass_4%C3%A8me_%C3%A9tage_57648339.htm,Marrakech,Massira 1
Appartement 2 terrasses 196 m ascenseur syndic dclaration totale,1020000,"Appartements dans Tanger, Tanja Balia",196,2,1,https://www.avito.ma/fr/tanja_balia/appartements/Appartement_2_terrasses_196_m_ascenseur_syndic_d%C3%A9claration_totale_57837777.htm,Tanger,Tanja Balia
Appartement vendre 165 m Casablanca,3500000,"Appartements dans Casablanca, Racine",176,3,3,https://www.avito.ma/fr/racine/appartements/Appartement_%C3%A0_vendre_165_m%C2%B2_%C3%A0_Casablanca_57627551.htm,Casablanca,Racine
Appartement vendre 95 m Marrakech,1350000,"Appartements dans Marrakech, Route de Safi",95,2,1,https://www.avito.ma/fr/route_de_safi/appartements/Appartement_%C3%A0_vendre_95_m%C2%B2_%C3%A0_Marrakech_57746811.htm,Marrakech,Route De Safi
Appartement 140m Vendre -Quartier Administratif,1700000,"Appartements dans Tanger, Administratif",140,3,1,https://www.avito.ma/fr/administratif/appartements/Appartement_140m%C2%B2_%C3%A0_Vendre__Quartier_Administratif_57569778.htm,Tanger,Administratif
Appartement vendre 95 m Marrakech palmeraie,1500000,"Appartements dans Marrakech, Palmeraie",95,2,2,https://www.avito.ma/fr/palmeraie/appartements/Appartement_%C3%A0_vendre_95_m%C2%B2_%C3%A0_Marrakech_palmeraie_57216492.htm,Marrakech,Palmeraie
Appartement Ensoleill vendre 50 m Tamensourt,295000,"Appartements dans Tamensourt, Toute la ville",50,1,1,https://www.avito.ma/fr/tamensourt/appartements/Appartement_Ensoleill%C3%A9_%C3%A0_vendre_50_m%C2%B2_%C3%A0_Tamensourt_57744621.htm,Tamensourt,Toute La Ville
CMN-MA-1866 - Appartement vendre Les princesses,1330000,"Appartements dans Casablanca, Les Princesses",106,2,1,https://www.avito.ma/fr/les_princesses/appartements/CMN_MA_1866___Appartement_%C3%A0_vendre_%C3%A0_Les_princesses_55872150.htm,Casablanca,Les Princesses
Appartement de 110 m vendre Castilla Tanger,1150000,"Appartements dans Tanger, Castilla",110,2,1,https://www.avito.ma/fr/castilla/appartements/Appartement_de_110_m%C2%B2_%C3%A0_vendre_%C3%A0_Castilla___Tanger_57671885.htm,Tanger,Castilla
Studio vue piscine vendre 51 m Marrakech,1150000,"Appartements dans Marrakech, Hivernage",51,1,1,https://www.avito.ma/fr/hivernage/appartements/Studio_vue_piscine_%C3%A0_vendre_51_m%C2%B2_%C3%A0_Marrakech_57774591.htm,Marrakech,Hivernage
Superbe Appartement vendre 75 m Marrakech,1050000,"Appartements dans Marrakech, Hay Izdihar",75,2,2,https://www.avito.ma/fr/hay_izdihar/appartements/Superbe_Appartement_%C3%A0_vendre_75_m%C2%B2_%C3%A0_Marrakech_57790073.htm,Marrakech,Hay Izdihar
Superbe studio 56 m saisir Marrakech,1064000,"Appartements dans Marrakech, Guéliz",56,1,1,https://www.avito.ma/fr/gu%C3%A9liz/appartements/Superbe_studio_56_m%C2%B2_%C3%A0_saisir_%C3%A0_Marrakech_57765868.htm,Marrakech,Guéliz
Appartement vendre 136 m Marrakech,1500000,"Appartements dans Marrakech, Victor Hugo",136,3,2,https://www.avito.ma/fr/victor_hugo/appartements/Appartement_%C3%A0_vendre_136_m%C2%B2_%C3%A0_Marrakech_57568134.htm,Marrakech,Victor Hugo
Appartement neuf et moderne sur la corniche,1700000,"Appartements dans Tanger, Malabata",100,2,2,https://www.avito.ma/fr/malabata/appartements/Appartement_neuf_et_moderne_sur_la_corniche_57703995.htm,Tanger,Malabata
Spacieux Appartement 2 Chambres la Vente Guliz,2350000,"Appartements dans Marrakech, Guéliz",110,2,2,https://www.avito.ma/fr/gu%C3%A9liz/appartements/Spacieux_Appartement_2_Chambres_%C3%A0_la_Vente_Gu%C3%A9liz_57648625.htm,Marrakech,Guéliz
Appartement excellent 64 mtres avec soutien financier,520000,"Appartements dans Marrakech, Autre secteur",64,2,1,https://www.avito.ma/fr/autre_secteur/appartements/Appartement_excellent_64_m%C3%A8tres_avec_soutien_financier_56250121.htm,Marrakech,Autre Secteur
Appartement vendre 126 m ain ktiouit Tanger,2100000,"Appartements dans Tanger, Iberie",126,3,1,https://www.avito.ma/fr/iberie/appartements/Appartement_%C3%A0_vendre_126_m%C2%B2_%C3%A0_ain_ktiouit_Tanger_56898210.htm,Tanger,Iberie
CMN-AC-2017 - Appartement vendre Californie,1690000,"Appartements dans Casablanca, Californie",144,2,2,https://www.avito.ma/fr/californie/appartements/CMN_AC_2017___Appartement_%C3%A0_vendre_%C3%A0_Californie_57245074.htm,Casablanca,Californie
Bel appartement en vente bd 2 mars,1930000,"Appartements dans Casablanca, 2 Mars",129,3,2,https://www.avito.ma/fr/2_mars/appartements/Bel_appartement_en_vente_bd_2_mars_55936018.htm,Casablanca,2 Mars
Studio de 59m vendre Ain Sebaa,620000,"Appartements dans Casablanca, Ain Sebaa",59,1,1,https://www.avito.ma/fr/ain_sebaa/appartements/Studio_de_59m%C2%B2_%C3%A0_vendre_%C3%A0_Ain_Sebaa_56512484.htm,Casablanca,Ain Sebaa
Appartement vendre 100 m Essaouira,1300000,"Appartements dans Essaouira, Toute la ville",100,2,1,https://www.avito.ma/fr/essaouira/appartements/Appartement_%C3%A0_vendre_100_m%C2%B2_%C3%A0_Essaouira_57768262.htm,Essaouira,Toute La Ville
Trs beau 3ch au Maarif Extension,2150000,"Appartements dans Casablanca, Maârif Extension",146,3,3,https://www.avito.ma/fr/ma%C3%A2rif_extension/appartements/Tr%C3%A8s_beau_3ch_au_Maarif_Extension_57837638.htm,Casablanca,Maârif Extension
CMN-SI-1881 - Appartement vendre Bourgogne Est,1800000,"Appartements dans Casablanca, Bourgogne",103,3,2,https://www.avito.ma/fr/bourgogne/appartements/CMN_SI_1881___Appartement_%C3%A0_vendre_%C3%A0_Bourgogne_Est_57341638.htm,Casablanca,Bourgogne
BEN-MA-1118 - Appartement vendre Mansouria-B...,1200000,"Appartements dans Benslimane, Autre secteur",98,2,1,https://www.avito.ma/fr/autre_secteur/appartements/BEN_MA_1118___Appartement_%C3%A0_vendre_%C3%A0_Mansouria_B____57276565.htm,Benslimane,Autre Secteur
"Opportunit rare Izdihar, Appartement vendre",870000,"Appartements dans Marrakech, Hay Izdihar",64,2,1,https://www.avito.ma/fr/hay_izdihar/appartements/Opportunit%C3%A9_rare_%C3%A0_Izdihar__Appartement_%C3%A0_vendre_57837649.htm,Marrakech,Hay Izdihar
Appartement en vente ain borja,850000,"Appartements dans Casablanca, Aïn Borja",81,2,2,https://www.avito.ma/fr/a%C3%AFn_borja/appartements/Appartement_en_vente_ain_borja_50678435.htm,Casablanca,Aïn Borja
Appartement 2 chambres vendre - Sbata Ben M'sik,560000,"Appartements dans Casablanca, Ben M'sick",53,2,1,https://www.avito.ma/fr/ben_m_sick/appartements/Appartement_2_chambres_%C3%A0_vendre___Sbata_Ben_M_sik_57768245.htm,Casablanca,Ben M'Sick
Appartement vendre 52 m Casablanca,420000,"Appartements dans Casablanca, Ain Sebaa",52,2,1,https://www.avito.ma/fr/ain_sebaa/appartements/Appartement_%C3%A0_vendre_52_m%C2%B2_%C3%A0_Casablanca_56849909.htm,Casablanca,Ain Sebaa
Appartement neuf enregistr conserv Mdina Errahma,570000,"Appartements dans Casablanca, Errahma",75,3,2,https://www.avito.ma/fr/errahma/appartements/Appartement_neuf_enregistr%C3%A9_conserv%C3%A9_M%C3%A9dina_Errahma_50961295.htm,Casablanca,Errahma
Appartement de luxe vendre Marina golf Asilah,1800000,"Appartements dans Asilah, Toute la ville",113,3,2,https://www.avito.ma/fr/asilah/appartements/Appartement_de_luxe_%C3%A0_vendre_%C3%A0_Marina_golf_Asilah_57837614.htm,Asilah,Toute La Ville
Appartement Mers Sultan 139 m Casablanca,1750000,"Appartements dans Casablanca, Mers Sultan",139,2,2,https://www.avito.ma/fr/mers_sultan/appartements/Appartement_Mers_Sultan_139_m%C2%B2_%C3%A0_Casablanca_56434189.htm,Casablanca,Mers Sultan
Appartement Vendre 120 m Casablanca/A,2500000,"Appartements dans Casablanca, Anfa",120,3,3,https://www.avito.ma/fr/anfa/appartements/Appartement_%C3%A0_Vendre_120_m%C2%B2_%C3%A0_Casablanca_A_57837626.htm,Casablanca,Anfa
beau duplex en vente ain borja,850000,"Appartements dans Casablanca, Aïn Chock",85,2,1,https://www.avito.ma/fr/a%C3%AFn_chock/appartements/beau_duplex_en_vente_ain_borja_57467935.htm,Casablanca,Aïn Chock
CMN-HA-1848 - Appartement vendre Lissasfa,930000,"Appartements dans Casablanca, Lissasfa",103,3,1,https://www.avito.ma/fr/lissasfa/appartements/CMN_HA_1848___Appartement_%C3%A0_vendre_%C3%A0_Lissasfa_57291337.htm,Casablanca,Lissasfa
Bel appartement en vente al fida,660000,"Appartements dans Casablanca, Al Fida",66,2,1,https://www.avito.ma/fr/al_fida/appartements/Bel_appartement_en_vente_al_fida_55715816.htm,Casablanca,Al Fida
Appartement vendre 68 m au maarif,1280000,"Appartements dans Casablanca, Maarif",68,2,1,https://www.avito.ma/fr/maarif/appartements/Appartement_%C3%A0_vendre_68_m%C2%B2_au_maarif_56499615.htm,Casablanca,Maarif
bel appartement en vente ain borja,693500,"Appartements dans Casablanca, Aïn Borja",79,3,1,https://www.avito.ma/fr/a%C3%AFn_borja/appartements/bel_appartement_en_vente_ain_borja_53581921.htm,Casablanca,Aïn Borja
Appartement vendre 90 m centre ville Fs,450000,"Appartements dans Fès, Centre",90,2,1,https://www.avito.ma/fr/centre/appartements/Appartement_%C3%A0_vendre_90_m%C2%B2_centre_ville_F%C3%A8s_56433490.htm,Fès,Centre
Appartement vendre 59 m Ain Sebaa,708000,"Appartements dans Casablanca, Ain Sebaa",59,2,2,https://www.avito.ma/fr/ain_sebaa/appartements/Appartement_%C3%A0_vendre_59_m%C2%B2_%C3%A0_Ain_Sebaa_57634725.htm,Casablanca,Ain Sebaa
Bel appartement vente belvedere,970000,"Appartements dans Casablanca, Belvédère",109,3,2,https://www.avito.ma/fr/belv%C3%A9d%C3%A8re/appartements/Bel_appartement_vente_belvedere_51013634.htm,Casablanca,Belvédère
Bel appartement vente quartier des hpitaux,1200000,"Appartements dans Casablanca, Quartier des Hôpitaux",92,2,2,https://www.avito.ma/fr/quartier_des_h%C3%B4pitaux/appartements/Bel_appartement_vente_quartier_des_h%C3%B4pitaux_48561359.htm,Casablanca,Quartier Des Hôpitaux
Appartement de Luxe 270 mHay Riad Rabat,8000000,"Appartements dans Rabat, Hay Riad",270,3,4,https://www.avito.ma/fr/hay_riad/appartements/Appartement_de_Luxe_270_m%C2%B2_Hay_Riad_Rabat_57801889.htm,Rabat,Hay Riad
Grand bel appartement en vente Casablanca,1690000,"Appartements dans Casablanca, Centre Ville",189,3,2,https://www.avito.ma/fr/centre_ville/appartements/Grand_bel_appartement_en_vente_Casablanca_56540709.htm,Casablanca,Centre Ville
Bel appartement de 73m Ain Sebaa,817600,"Appartements dans Casablanca, Oulfa",73,3,2,https://www.avito.ma/fr/oulfa/appartements/Bel_appartement_de_73m%C2%B2_%C3%A0_Ain_Sebaa_54211100.htm,Casablanca,Oulfa
CMN-AC-1971 - Appartement vendre Sidi Maarouf,770000,"Appartements dans Casablanca, Sidi Maarouf",72,2,1,https://www.avito.ma/fr/sidi_maarouf/appartements/CMN_AC_1971___Appartement_%C3%A0_vendre_%C3%A0_Sidi_Maarouf_57245006.htm,Casablanca,Sidi Maarouf
Appartement 110 m Casablanca,530000,"Appartements dans Casablanca, Sidi Bernoussi",110,3,2,https://www.avito.ma/fr/sidi_bernoussi/appartements/Appartement_110_m%C2%B2_%C3%A0_Casablanca_54645618.htm,Casablanca,Sidi Bernoussi
CMN-MA-2404 - Appartement vendre Les princesses,2400000,"Appartements dans Casablanca, Les Princesses",121,3,2,https://www.avito.ma/fr/les_princesses/appartements/CMN_MA_2404___Appartement_%C3%A0_vendre_%C3%A0_Les_princesses_57234386.htm,Casablanca,Les Princesses
CMN-HA-1920 - Appartement vendre Oulfa,1092000,"Appartements dans Casablanca, Oulfa",78,2,2,https://www.avito.ma/fr/oulfa/appartements/CMN_HA_1920___Appartement_%C3%A0_vendre_%C3%A0_Oulfa_57324742.htm,Casablanca,Oulfa
bel appartement en vente 3 chambres 1 salon,950000,"Appartements dans Casablanca, Aïn Borja",112,3,1,https://www.avito.ma/fr/a%C3%AFn_borja/appartements/bel_appartement_en_vente_3_chambres_1_salon_49517461.htm,Casablanca,Aïn Borja
Grand appartement en vente Ain Borja,1600000,"Appartements dans Casablanca, Aïn Borja",225,4,2,https://www.avito.ma/fr/a%C3%AFn_borja/appartements/Grand_appartement_en_vente_%C3%A0_Ain_Borja_57043473.htm,Casablanca,Aïn Borja
CMN-MA-1139 - Appartement vendre Val Fleurie,1800000,"Appartements dans Casablanca, Val Fleuri",129,2,2,https://www.avito.ma/fr/val_fleuri/appartements/CMN_MA_1139___Appartement_%C3%A0_vendre_%C3%A0_Val_Fleurie_57319442.htm,Casablanca,Val Fleuri
Grand appartement en vente Ain Borja,970000,"Appartements dans Casablanca, Aïn Borja",148,3,2,https://www.avito.ma/fr/a%C3%AFn_borja/appartements/Grand_appartement_en_vente_Ain_Borja_57439726.htm,Casablanca,Aïn Borja
Beau studio en vente bd Anfa,1200000,"Appartements dans Casablanca, Anfa",50,1,1,https://www.avito.ma/fr/anfa/appartements/Beau_studio_en_vente_bd_Anfa_57367130.htm,Casablanca,Anfa
Bel appartement vendre prs du quartier Al Qods Bernoussi,670000,"Appartements dans Casablanca, Sidi Bernoussi",87,2,2,https://www.avito.ma/fr/sidi_bernoussi/appartements/Bel_appartement_%C3%A0_vendre_pr%C3%A8s_du_quartier_Al_Qods_Bernoussi_57001375.htm,Casablanca,Sidi Bernoussi
RBA-YA-1053 - Appartement vendre Hay El Menzah,2100000,"Appartements dans Rabat, Autre secteur",150,3,2,https://www.avito.ma/fr/autre_secteur/appartements/RBA_YA_1053___Appartement_%C3%A0_vendre_%C3%A0_Hay_El_Menzah_56835389.htm,Rabat,Autre Secteur
CMN-ME-1691 - Appartement vendre 2 Mars,2100000,"Appartements dans Casablanca, 2 Mars",156,3,2,https://www.avito.ma/fr/2_mars/appartements/CMN_ME_1691___Appartement_%C3%A0_vendre_%C3%A0_2_Mars_57340227.htm,Casablanca,2 Mars
BEN-MA-1119 - Appartement vendre Mansouria-B...,1640000,"Appartements dans Benslimane, Autre secteur",109,2,2,https://www.avito.ma/fr/autre_secteur/appartements/BEN_MA_1119___Appartement_%C3%A0_vendre_%C3%A0_Mansouria_B____57356776.htm,Benslimane,Autre Secteur
Complexe Al Nour Tanger,940000,"Appartements dans Tanger, Autre secteur",86,3,1,https://www.avito.ma/fr/autre_secteur/appartements/Complexe_Al_Nour_Tanger_57837534.htm,Tanger,Autre Secteur
Trs bel appartement 3Ch pieds sans l'eau,2390000,"Appartements dans Dar Bouazza, Toute la ville",144,3,2,https://www.avito.ma/fr/dar_bouazza/appartements/Tr%C3%A8s_bel_appartement_3Ch_pieds_sans_l_eau_57837526.htm,Dar Bouazza,Toute La Ville
Appartement vendre 100 m Tanger,1700000,"Appartements dans Tanger, Centre ville",100,2,2,https://www.avito.ma/fr/centre_ville/appartements/Appartement_%C3%A0_vendre_100_m%C2%B2_%C3%A0_Tanger_57837515.htm,Tanger,Centre Ville
Appartement vendre Ahla,150000,"Appartements dans Tanger, Marjane",133,3,1,https://www.avito.ma/fr/marjane/appartements/Appartement_%C3%A0_vendre_%C3%A0_Ahla_57837513.htm,Tanger,Marjane
Appartement trois chambres salon,550000,"Appartements dans Marrakech, Mabrouka",64,3,2,https://www.avito.ma/fr/mabrouka/appartements/Appartement_trois_chambres_salon_57774663.htm,Marrakech,Mabrouka
Appart vendre 76 m (Rez Chausse) Bouznika,530000,"Appartements dans Bouznika, Autre secteur",76,2,1,https://www.avito.ma/fr/autre_secteur/appartements/Appart_%C3%A0_vendre_76_m%C2%B2__Rez_Chauss%C3%A9e__%C3%A0_Bouznika_56732656.htm,Bouznika,Autre Secteur
Appart vendre 72 m Izdihar Marrakech,940000,"Appartements dans Marrakech, Hay Izdihar",72,2,1,https://www.avito.ma/fr/hay_izdihar/appartements/Appart_%C3%A0_vendre_72_m%C2%B2_Izdihar_Marrakech_57485474.htm,Marrakech,Hay Izdihar
Excellent Appartements vendre,950000,"Appartements dans Temara, Autre secteur",115,3,2,https://www.avito.ma/fr/autre_secteur/appartements/Excellent_Appartements_%C3%A0_vendre_56843700.htm,Temara,Autre Secteur
vendre studio avec terrasse,990000,"Appartements dans Marrakech, Guéliz",35,1,1,https://www.avito.ma/fr/gu%C3%A9liz/appartements/%C3%80_vendre_studio_avec_terrasse_57778597.htm,Marrakech,Guéliz
Appartement vendre 67 m Asilah,900000,"Appartements dans Asilah, Toute la ville",67,2,1,https://www.avito.ma/fr/asilah/appartements/Appartement_%C3%A0_vendre_67_m%C2%B2_%C3%A0_Asilah_56773217.htm,Asilah,Toute La Ville
"Appartement excellent vendre Haye Militaire, El Bustan, Meknes",360000,"Appartements dans Meknès, El Bassatine",90,2,2,https://www.avito.ma/fr/el_bassatine/appartements/Appartement_excellent_%C3%A0_vendre_%C3%A0_Haye_Militaire__El_Bustan__Meknes_57837458.htm,Meknès,El Bassatine
Appartement vendre 64 m Tanger,720000,"Appartements dans Tanger, Autre secteur",64,2,1,https://www.avito.ma/fr/autre_secteur/appartements/Appartement_%C3%A0_vendre_64_m%C2%B2_%C3%A0_Tanger_57801598.htm,Tanger,Autre Secteur
TNG-TA-1129 - Appartement vendre Msala,1350000,"Appartements dans Tanger, Autre secteur",86,2,1,https://www.avito.ma/fr/autre_secteur/appartements/TNG_TA_1129___Appartement_%C3%A0_vendre_%C3%A0_Msala_57618931.htm,Tanger,Autre Secteur
Appartement au 4me tage avec ascenseur la rsidence Jawharat Al Atlas,400000,"Appartements dans Béni Mellal, Toute la ville",84,3,2,https://www.avito.ma/fr/b%C3%A9ni_mellal/appartements/Appartement_au_4%C3%A8me_%C3%A9tage_avec_ascenseur_%C3%A0_la_r%C3%A9sidence_Jawharat_Al_Atlas_57370619.htm,Béni Mellal,Toute La Ville
Appartement vendre 174m2 Mers Sultan,440000,"Appartements dans Casablanca, Mers Sultan",174,3,2,https://www.avito.ma/fr/mers_sultan/appartements/Appartement_%C3%A0_vendre_174m2_%C3%A0_Mers_Sultan_57145224.htm,Casablanca,Mers Sultan
Investissement rentable 5 min de Gueliz.,1350000,"Appartements dans Marrakech, Route de Casablanca",84,2,2,https://www.avito.ma/fr/route_de_casablanca/appartements/Investissement_rentable_%C3%A0_5_min__de_Gueliz____57837393.htm,Marrakech,Route De Casablanca
Appartement vendre Azib Haj Kaddour,750000,"Appartements dans Tanger, Marjane",64,2,1,https://www.avito.ma/fr/marjane/appartements/Appartement_%C3%A0_vendre_%C3%A0_Azib_Haj_Kaddour_57837387.htm,Tanger,Marjane
APPART 91m 2FACES vue piscine MARBELLA BEACH,1030000,"Appartements dans Mohammedia, Autre secteur",91,2,2,https://www.avito.ma/fr/autre_secteur/appartements/APPART_91m_2FACES_vue_piscine_%C3%A0_MARBELLA_BEACH_57747136.htm,Mohammedia,Autre Secteur
Appartement vendre 120 m Guich des Oudayas,1700000,"Appartements dans Rabat, Guich Oudaya",120,2,2,https://www.avito.ma/fr/guich_oudaya/appartements/Appartement_%C3%A0_vendre_120_m%C2%B2_%C3%A0_Guich_des_Oudayas_57837383.htm,Rabat,Guich Oudaya
Diar Alfath Lot 10 Taje 1,430000,"Appartements dans Casablanca, Autre secteur",67,2,1,https://www.avito.ma/fr/autre_secteur/appartements/Diar_Alfath_Lot_10_Taje_1_57837381.htm,Casablanca,Autre Secteur
Appartements vendre prs du caf Russie,850000,"Appartements dans Martil, Toute la ville",80,3,1,https://www.avito.ma/fr/martil/appartements/Appartements_%C3%A0_vendre_pr%C3%A8s_du_caf%C3%A9_Russie_57739365.htm,Martil,Toute La Ville
Appartements de qualit vendre,750000,"Appartements dans Temara, Autre secteur",75,2,1,https://www.avito.ma/fr/autre_secteur/appartements/Appartements_de_qualit%C3%A9_%C3%A0_vendre_56807420.htm,Temara,Autre Secteur
Appartement vendre,1450000,"Appartements dans Marrakech, Victor Hugo",74,2,2,https://www.avito.ma/fr/victor_hugo/appartements/Appartement_%C3%A0_vendre_57172033.htm,Marrakech,Victor Hugo
Appartement de haut standing,1650000,"Appartements dans Tétouan, Safir",147,2,2,https://www.avito.ma/fr/safir/appartements/Appartement_de_haut_standing_57783470.htm,Tétouan,Safir
Bel Appartement dans la rsidence Jardins Souss,1100000,"Appartements dans Agadir, Hay Mohammadi",96,2,2,https://www.avito.ma/fr/hay_mohammadi/appartements/Bel_Appartement_dans_la_r%C3%A9sidence_Jardins_Souss_57837365.htm,Agadir,Hay Mohammadi
Appartement vendre 70 m Essaouira,720000,"Appartements dans Essaouira, Centre ville",75,2,1,https://www.avito.ma/fr/centre_ville/appartements/Appartement_%C3%A0_vendre_70_m%C2%B2_%C3%A0_Essaouira_57768043.htm,Essaouira,Centre Ville
Appartement sur R plus 2,930000,"Appartements dans El Jadida, Hay Essalam",80,3,2,https://www.avito.ma/fr/hay_essalam/appartements/Appartement_sur_R_plus_2_55568045.htm,El Jadida,Hay Essalam
Bel appartement vendre calme proche de tout,450000,"Appartements dans Meknès, Wislane",115,3,1,https://www.avito.ma/fr/wislane/appartements/Bel_appartement_%C3%A0_vendre_calme_proche_de_tout_57460389.htm,Meknès,Wislane
Appartements Excellent a vendre,1200000,"Appartements dans Temara, Autre secteur",96,2,1,https://www.avito.ma/fr/autre_secteur/appartements/Appartements_Excellent_a_vendre_57006337.htm,Temara,Autre Secteur
Appartement vendre 99 m Casablanca,950000,"Appartements dans Casablanca, Sidi Maarouf",87,3,2,https://www.avito.ma/fr/sidi_maarouf/appartements/Appartement_%C3%A0_vendre_99_m%C2%B2_%C3%A0_Casablanca_56666374.htm,Casablanca,Sidi Maarouf
Appartement vendre 122m Casablanca Mers sultan,1366400,"Appartements dans Casablanca, Mers Sultan",122,3,1,https://www.avito.ma/fr/mers_sultan/appartements/Appartement_%C3%A0_vendre_122m%C2%B2_Casablanca_Mers_sultan_56403599.htm,Casablanca,Mers Sultan
Un appartement,1100000,"Appartements dans Meknès, Hamria",200,3,2,https://www.avito.ma/fr/hamria/appartements/Un_appartement_57792800.htm,Meknès,Hamria
Appartement Al Qods Bernoussi,1150000,"Appartements dans Casablanca, Sidi Bernoussi",98,3,2,https://www.avito.ma/fr/sidi_bernoussi/appartements/Appartement_%C3%A0_Al_Qods_Bernoussi_56314871.htm,Casablanca,Sidi Bernoussi
Appartement vendre 64 m Casablanca,640000,"Appartements dans Casablanca, Hay Hassani",64,2,1,https://www.avito.ma/fr/hay_hassani/appartements/Appartement_%C3%A0_vendre_64_m%C2%B2_%C3%A0_Casablanca_57837301.htm,Casablanca,Hay Hassani
Appartement vendre 51 m Casablanca,330000,"Appartements dans Casablanca, Oulfa",51,2,1,https://www.avito.ma/fr/oulfa/appartements/Appartement_%C3%A0_vendre_51_m%C2%B2_%C3%A0_Casablanca_57837293.htm,Casablanca,Oulfa
Bel appartement terrasse Essaouira,850000,"Appartements dans Essaouira, Centre ville",62,1,1,https://www.avito.ma/fr/centre_ville/appartements/Bel_appartement_terrasse_%C3%A0_Essaouira_57277766.htm,Essaouira,Centre Ville
Appartements vendre Harhoura Valdor,1560000,"Appartements dans Temara, Harhoura",92,2,1,https://www.avito.ma/fr/harhoura/appartements/Appartements_%C3%A0_vendre_%C3%A0_Harhoura_Valdor_57004457.htm,Temara,Harhoura
Appartement vendre 50 m Casablanca,340000,"Appartements dans Casablanca, Oulfa",50,2,1,https://www.avito.ma/fr/oulfa/appartements/Appartement_%C3%A0_vendre_50_m%C2%B2_%C3%A0_Casablanca_57837289.htm,Casablanca,Oulfa
Appartement vendre 50 m Casablanca,220000,"Appartements dans Casablanca, Errahma",50,2,1,https://www.avito.ma/fr/errahma/appartements/Appartement_%C3%A0_vendre_50_m%C2%B2_%C3%A0_Casablanca_57837285.htm,Casablanca,Errahma
"Appartement ""Soumi Vini"" dans un quartier chic prs de la mosque et sans intrt",380000,"Appartements dans Benslimane, Autre secteur",126,3,1,https://www.avito.ma/fr/autre_secteur/appartements/Appartement__Soumi_Vini__dans_un_quartier_chic_pr%C3%A8s_de_la_mosqu%C3%A9e_et_sans_int%C3%A9r%C3%AAt_57737989.htm,Benslimane,Autre Secteur
Triplex de 200m 200m avenue ibn badis,1120000,"Appartements dans El Jadida, Autre secteur",203,3,1,https://www.avito.ma/fr/autre_secteur/appartements/Triplex_de_200m%C2%B2_%C3%A0_200m_avenue_ibn_badis_57052573.htm,El Jadida,Autre Secteur
Appartement vendre 92 m boustane El Jadida,660000,"Appartements dans El Jadida, Al Boustane",92,2,1,https://www.avito.ma/fr/al_boustane/appartements/Appartement_%C3%A0_vendre_92_m%C2%B2_%C3%A0_boustane_El_Jadida_57179527.htm,El Jadida,Al Boustane
Studio de Luxe Meubl vendre,1100000,"Appartements dans Marrakech, Guéliz",45,1,1,https://www.avito.ma/fr/gu%C3%A9liz/appartements/Studio_de_Luxe_Meubl%C3%A9_%C3%A0_vendre_57542020.htm,Marrakech,Guéliz
Appartement spacieux 107 m 3 chambres,1177000,"Appartements dans Marrakech, Targa",107,2,2,https://www.avito.ma/fr/targa/appartements/Appartement_spacieux_107_m%C2%B2_3_chambres_57837171.htm,Marrakech,Targa
APPARTEMENT VENDRE AV HASSAN 2,980000,"Appartements dans Tétouan, Autre secteur",148,4,2,https://www.avito.ma/fr/autre_secteur/appartements/APPARTEMENT_%C3%80_VENDRE_AV_HASSAN_2_57837179.htm,Tétouan,Autre Secteur
Appartement vendre 171 m EL MENEZEH,3300000,"Appartements dans Rabat, Souissi",171,3,2,https://www.avito.ma/fr/souissi/appartements/Appartement_%C3%A0_vendre_171_m%C2%B2_EL_MENEZEH_56796176.htm,Rabat,Souissi
Appartement vendre,1500000,"Appartements dans Marrakech, Targa",98,2,2,https://www.avito.ma/fr/targa/appartements/Appartement_%C3%A0_vendre_56277376.htm,Marrakech,Targa
"Superbe appartement vendre, premier tage, 290 000 dirhams",290000,"Appartements dans Kénitra, Bir Rami",70,2,2,https://www.avito.ma/fr/bir_rami/appartements/Superbe_appartement_%C3%A0_vendre__premier_%C3%A9tage__290_000_dirhams_57778120.htm,Kénitra,Bir Rami
Appartement vendre 75 m Essaouira,1000000,"Appartements dans Essaouira, Centre ville",75,3,2,https://www.avito.ma/fr/centre_ville/appartements/Appartement_%C3%A0_vendre_75_m%C2%B2_%C3%A0_Essaouira_57767821.htm,Essaouira,Centre Ville
Appartement vendre Tmara Wifak 87m,1450000,"Appartements dans Temara, Wifak",87,2,2,https://www.avito.ma/fr/wifak/appartements/Appartement_%C3%80_vendre_%C3%A0_T%C3%A9mara_Wifak_87m%C2%B2_56368979.htm,Temara,Wifak
Appartement vendre 128 m Bouskoura,1300000,"Appartements dans Bouskoura, Victoria",140,3,2,https://www.avito.ma/fr/victoria/appartements/Appartement_%C3%A0_vendre_128_m%C2%B2_%C3%A0_Bouskoura_57814586.htm,Bouskoura,Victoria
A vendre un bel Appartement refait neuf,2950000,"Appartements dans Casablanca, Triangle d'Or",200,3,3,https://www.avito.ma/fr/triangle_d_or/appartements/A_vendre_un_bel_Appartement_refait_%C3%A0_neuf_56397805.htm,Casablanca,Triangle D'Or
Appartement neuf haut standing,650000,"Appartements dans Dar Bouazza, Toute la ville",66,2,2,https://www.avito.ma/fr/dar_bouazza/appartements/Appartement_neuf_haut_standing_56888994.htm,Dar Bouazza,Toute La Ville
Appartement vendre 140 m Bouznika,760000,"Appartements dans Bouznika, Autre secteur",146,3,2,https://www.avito.ma/fr/autre_secteur/appartements/Appartement_%C3%A0_vendre_140_m%C2%B2_%C3%A0_Bouznika_56060026.htm,Bouznika,Autre Secteur
Appartement vendre 76 m Sidi Rahal,620000,"Appartements dans Sidi Rahal, Toute la ville",76,3,2,https://www.avito.ma/fr/sidi_rahal/appartements/Appartement_%C3%A0_vendre_76_m%C2%B2_%C3%A0_Sidi_Rahal_57720145.htm,Sidi Rahal,Toute La Ville
APPARTEMENT VENDRE ABWAB GUELIZ,700000,"Appartements dans Marrakech, Mabrouka",80,2,2,https://www.avito.ma/fr/mabrouka/appartements/APPARTEMENT_%C3%80_VENDRE_%C3%80_ABWAB_GUELIZ_57325805.htm,Marrakech,Mabrouka
Appartement vendre 233 m Rabat,8000000,"Appartements dans Rabat, Hay Riad",233,4,4,https://www.avito.ma/fr/hay_riad/appartements/Appartement_%C3%A0_vendre_233_m%C2%B2_%C3%A0_Rabat_57837107.htm,Rabat,Hay Riad
Appartement neuf vendre 136 m Harhoura Valdor,2400000,"Appartements dans Temara, Harhoura",136,3,3,https://www.avito.ma/fr/harhoura/appartements/Appartement_neuf_%C3%A0_vendre_136_m%C2%B2_%C3%A0_Harhoura_Valdor_56193135.htm,Temara,Harhoura
Appartement vendre 199 m Boulevard Zerktouni,3800000,"Appartements dans Casablanca, Maarif",199,3,3,https://www.avito.ma/fr/maarif/appartements/Appartement_%C3%A0_vendre_199_m%C2%B2_%C3%A0_Boulevard_Zerktouni_57706141.htm,Casablanca,Maarif
APPARTEMENT VENDRE AU CUR DE GUELIZ,2300000,"Appartements dans Marrakech, Guéliz",110,2,2,https://www.avito.ma/fr/gu%C3%A9liz/appartements/APPARTEMENT_%C3%80_VENDRE_AU_C_UR_DE_GUELIZ_57733289.htm,Marrakech,Guéliz
Appartement vendre,1150000,"Appartements dans Larache, Toute la ville",227,4,2,https://www.avito.ma/fr/larache/appartements/Appartement_%C3%A0_vendre_57696245.htm,Larache,Toute La Ville
Appartement vendre,600000,"Appartements dans Oujda, Agdal",110,2,1,https://www.avito.ma/fr/agdal/appartements/Appartement_%C3%A0_vendre_57837060.htm,Oujda,Agdal
Tayssir Dhouha Knitra,340000,"Appartements dans Kénitra, Ouled Oujih",66,3,1,https://www.avito.ma/fr/ouled_oujih/appartements/Tayssir_Dhouha_K%C3%A9nitra_57837036.htm,Kénitra,Ouled Oujih
Appartement vendre 75 m Agadir,1040000,"Appartements dans Agadir, Hay Mohammadi",75,3,1,https://www.avito.ma/fr/hay_mohammadi/appartements/Appartement_%C3%A0_vendre_75_m%C2%B2_%C3%A0_Agadir_57837030.htm,Agadir,Hay Mohammadi
Appt 2 ch double salon vendre Borgogne ouest,2500000,"Appartements dans Casablanca, Les Princesses",140,2,2,https://www.avito.ma/fr/les_princesses/appartements/Appt_2_ch_double_salon_%C3%A0_vendre_%C3%A0_Borgogne_ouest_56936558.htm,Casablanca,Les Princesses
"Appartement vendre, premier tage Abwab Marrakech",370000,"Appartements dans Marrakech, Les Portes de Marrakech",50,2,1,https://www.avito.ma/fr/les_portes_de_marrakech/appartements/Appartement_%C3%A0_vendre__premier_%C3%A9tage_%C3%A0_Abwab_Marrakech_57836979.htm,Marrakech,Les Portes De Marrakech
Appartement vendre 70 m au Vizir Center Marrakech,1250000,"Appartements dans Marrakech, Route de Casablanca",70,1,2,https://www.avito.ma/fr/route_de_casablanca/appartements/Appartement_%C3%A0_vendre_70_m%C2%B2_au_Vizir_Center_%C3%A0_Marrakech_57822484.htm,Marrakech,Route De Casablanca
Appartements de qualit vendre Ain Atiq,850000,"Appartements dans Temara, Ain Atig",88,3,1,https://www.avito.ma/fr/ain_atig/appartements/Appartements_de_qualit%C3%A9_%C3%A0_vendre_%C3%A0_Ain_Atiq_56687150.htm,Temara,Ain Atig
Appartement dexception front mer- Tamaris Premium,2000000,"Appartements dans Tamaris, Toute la ville",117,2,1,https://www.avito.ma/fr/tamaris/appartements/Appartement_d_exception_front_mer__Tamaris_Premium_57728469.htm,Tamaris,Toute La Ville
Appartement vendre 83 m Ain sebaa,1080000,"Appartements dans Casablanca, Ain Sebaa",83,3,2,https://www.avito.ma/fr/ain_sebaa/appartements/Appartement_%C3%A0_vendre_83_m%C2%B2_%C3%A0_Ain_sebaa_57361684.htm,Casablanca,Ain Sebaa
Appartement vendre 79m Ain Sebaa,948000,"Appartements dans Casablanca, Ain Sebaa",79,3,2,https://www.avito.ma/fr/ain_sebaa/appartements/Appartement_%C3%A0_vendre_79m%C2%B2_%C3%A0_Ain_Sebaa_57279649.htm,Casablanca,Ain Sebaa
Appartement de luxe vendre vue mer,2340000,"Appartements dans Tanger, Tanger City Center",72,2,2,https://www.avito.ma/fr/tanger_city_center/appartements/Appartement_de_luxe_%C3%A0_vendre_vue_mer_57831775.htm,Tanger,Tanger City Center
Appartement vendre 140 m la marina Casablanca,3900000,"Appartements dans Casablanca, Marina",155,2,3,https://www.avito.ma/fr/marina/appartements/Appartement_%C3%A0_vendre_140_m%C2%B2_la_marina_Casablanca_56471980.htm,Casablanca,Marina
Appartement en face Zone Villa,520000,"Appartements dans Kénitra, Seyad",68,2,1,https://www.avito.ma/fr/seyad/appartements/Appartement_en_face_Zone_Villa_57279509.htm,Kénitra,Seyad
APPARTEMENT RSIDENCE TAOUIRT TAGHAZOUT BAY,3200000,"Appartements dans Agadir, Tamraght",99,1,2,https://www.avito.ma/fr/tamraght/appartements/APPARTEMENT_R%C3%89SIDENCE_TAOUIRT_TAGHAZOUT_BAY_57812541.htm,Agadir,Tamraght
Appartement vendre 61 m Mekns,380000,"Appartements dans Meknès, Autre secteur",64,3,2,https://www.avito.ma/fr/autre_secteur/appartements/Appartement_%C3%A0_vendre_61_m%C2%B2_%C3%A0_Mekn%C3%A8s_57198863.htm,Meknès,Autre Secteur
appartement Bahia Golf beach,1949000,"Appartements dans Bouznika, Autre secteur",121,3,2,https://www.avito.ma/fr/autre_secteur/appartements/appartement_%C3%A0_Bahia_Golf_beach_57728547.htm,Bouznika,Autre Secteur
Appartement 2 chambres vendre Oulfa,900000,"Appartements dans Casablanca, Oulfa",80,2,2,https://www.avito.ma/fr/oulfa/appartements/Appartement_2_chambres_%C3%A0_vendre_%C3%A0_Oulfa_57792383.htm,Casablanca,Oulfa
appartement meubl,460000,"Appartements dans Salé, Said Hajji",55,2,1,https://www.avito.ma/fr/said_hajji/appartements/appartement_meubl%C3%A9_57722532.htm,Salé,Said Hajji
Appartement louer 60 m Casablanca,375000,"Appartements dans Casablanca, Hay Moulay Rachid",60,2,1,https://www.avito.ma/fr/hay_moulay_rachid/appartements/Appartement_%C3%A0_louer_60_m%C2%B2_%C3%A0_Casablanca_57836917.htm,Casablanca,Hay Moulay Rachid
Appartement R+2//hawtta,360000,"Appartements dans El Jadida, Autre secteur",70,2,1,https://www.avito.ma/fr/autre_secteur/appartements/Appartement_R_2__hawtta_57627228.htm,El Jadida,Autre Secteur
"Appartement vendre, 2 Mars Casablanca",2400000,"Appartements dans Casablanca, 2 Mars",159,3,3,https://www.avito.ma/fr/2_mars/appartements/Appartement_%C3%A0_vendre__2_Mars_Casablanca_57807245.htm,Casablanca,2 Mars
Appartement vendre 82 m Knitra,640000,"Appartements dans Kénitra, alliance",82,2,2,https://www.avito.ma/fr/alliance/appartements/Appartement_%C3%A0_vendre_82_m%C2%B2_%C3%A0_K%C3%A9nitra_57403368.htm,Kénitra,Alliance
Appartements vendre 137 m Marrakech,2400000,"Appartements dans Marrakech, Guéliz",137,3,2,https://www.avito.ma/fr/gu%C3%A9liz/appartements/Appartements_%C3%A0_vendre_137_m%C2%B2_%C3%A0_Marrakech_57274587.htm,Marrakech,Guéliz
Appartement vendre 71 m ALMAZ,830000,"Appartements dans Casablanca, Almaz",71,2,1,https://www.avito.ma/fr/almaz/appartements/Appartement_%C3%A0_vendre_71_m%C2%B2_%C3%A0_ALMAZ_57442813.htm,Casablanca,Almaz
Appartement RDC meubl 60m Route de Guemassa,610000,"Appartements dans Marrakech, M'Hamid",60,2,1,https://www.avito.ma/fr/m_hamid/appartements/Appartement_RDC_meubl%C3%A9_60m%C2%B2_Route_de_Guemassa_57826966.htm,Marrakech,M'Hamid
Appartement vendre 256 m Tanger,1900000,"Appartements dans Tanger, Achakar",256,3,3,https://www.avito.ma/fr/achakar/appartements/Appartement_%C3%A0_vendre_256_m%C2%B2_%C3%A0_Tanger_57767426.htm,Tanger,Achakar
"Appartement vendre Settat, prix 28 millions",280000,"Appartements dans Settat, Toute la ville",64,2,1,https://www.avito.ma/fr/settat/appartements/Appartement_%C3%A0_vendre_%C3%A0_Settat__prix_28_millions_57836842.htm,Settat,Toute La Ville
Appartement Avec Terrasse vendre Tamraght,1030000,"Appartements dans Agadir, Tamraght",80,2,2,https://www.avito.ma/fr/tamraght/appartements/Appartement_Avec_Terrasse_%C3%A0_vendre_%C3%A0_Tamraght_57414199.htm,Agadir,Tamraght
Appartement vendre 120 m Tanger,2500000,"Appartements dans Tanger, Autre secteur",165,2,2,https://www.avito.ma/fr/autre_secteur/appartements/Appartement_%C3%A0_vendre_120_m%C2%B2_%C3%A0_Tanger_57778013.htm,Tanger,Autre Secteur
Appartement vendre 84 m Mekns,380000,"Appartements dans Meknès, El Bassatine",92,2,2,https://www.avito.ma/fr/el_bassatine/appartements/Appartement_%C3%A0_vendre_84_m%C2%B2_%C3%A0_Mekn%C3%A8s_57836833.htm,Meknès,El Bassatine
Appartement de 73 mtres dans un immeuble de seulement 6 appartements,710000,"Appartements dans Temara, Skikina",73,2,1,https://www.avito.ma/fr/skikina/appartements/Appartement_de_73_m%C3%A8tres_dans_un_immeuble_de_seulement_6_appartements_57359791.htm,Temara,Skikina
Appartement vendre 176 m Tanger,3500000,"Appartements dans Tanger, Administratif",176,4,2,https://www.avito.ma/fr/administratif/appartements/Appartement_%C3%A0_vendre_176_m%C2%B2_%C3%A0_Tanger_57778075.htm,Tanger,Administratif
Appartement vendre 70 m Tanger,1200000,"Appartements dans Tanger, Hay Hassani",70,2,1,https://www.avito.ma/fr/hay_hassani/appartements/Appartement_%C3%A0_vendre_70_m%C2%B2_%C3%A0_Tanger_57778111.htm,Tanger,Hay Hassani
vendre appartement de luxe malabata hills,8000000,"Appartements dans Tanger, Sania",366,3,2,https://www.avito.ma/fr/sania/appartements/%C3%80_vendre_appartement_de_luxe_%C3%A0_malabata_hills_57061349.htm,Tanger,Sania
Appartement vendre 68 m Knitra,340000,"Appartements dans Kénitra, Bir Rami",68,2,1,https://www.avito.ma/fr/bir_rami/appartements/Appartement_%C3%A0_vendre_68_m%C2%B2_%C3%A0_K%C3%A9nitra_57694394.htm,Kénitra,Bir Rami
"Appartement au premier tage, rsidence Saada",540000,"Appartements dans Agadir, Hay Mohammadi",52,2,1,https://www.avito.ma/fr/hay_mohammadi/appartements/Appartement_au_premier_%C3%A9tage__r%C3%A9sidence_Saada_57836763.htm,Agadir,Hay Mohammadi
En face des Forces Auxiliaires,1100000,"Appartements dans Agadir, El Houda",136,3,1,https://www.avito.ma/fr/el_houda/appartements/En_face_des_Forces_Auxiliaires_57836766.htm,Agadir,El Houda
Appartement vendre 90 m Casablanca,850000,"Appartements dans Casablanca, Ain Sebaa",95,2,2,https://www.avito.ma/fr/ain_sebaa/appartements/Appartement_%C3%A0_vendre_90_m%C2%B2_%C3%A0_Casablanca_57836754.htm,Casablanca,Ain Sebaa
Appartement vendre rsidence Halima 1 38 millions,662451235,"Appartements dans Salé, Toute la ville",56,2,1,https://www.avito.ma/fr/sal%C3%A9/appartements/Appartement_%C3%A0_vendre_r%C3%A9sidence_Halima_1_38_millions_57836747.htm,Salé,Toute La Ville
Appartement vendre 95 m Knitra,490000,"Appartements dans Kénitra, Bir Rami",95,3,2,https://www.avito.ma/fr/bir_rami/appartements/Appartement_%C3%A0_vendre_95_m%C2%B2_%C3%A0_K%C3%A9nitra_57806454.htm,Kénitra,Bir Rami
Appartement vendre 70 m Knitra,340000,"Appartements dans Kénitra, Bir Rami",70,2,1,https://www.avito.ma/fr/bir_rami/appartements/Appartement_%C3%A0_vendre_70_m%C2%B2_%C3%A0_K%C3%A9nitra_57806806.htm,Kénitra,Bir Rami
Appartement vendre 90 m Knitra,660000,"Appartements dans Kénitra, Mimosas",90,2,1,https://www.avito.ma/fr/mimosas/appartements/Appartement_%C3%A0_vendre_90_m%C2%B2_%C3%A0_K%C3%A9nitra_57726965.htm,Kénitra,Mimosas
Appartement vendre 80 m Knitra,610000,"Appartements dans Kénitra, Seyad",80,2,2,https://www.avito.ma/fr/seyad/appartements/Appartement_%C3%A0_vendre_80_m%C2%B2_%C3%A0_K%C3%A9nitra_57806414.htm,Kénitra,Seyad
"Appartement 124 m Centre Ville, Tanger",1800000,"Appartements dans Tanger, Centre ville",124,3,2,https://www.avito.ma/fr/centre_ville/appartements/Appartement_124_m%C2%B2___Centre_Ville__Tanger_57723798.htm,Tanger,Centre Ville
Appartement vendre 90 m Knitra,600000,"Appartements dans Kénitra, Seyad",90,3,1,https://www.avito.ma/fr/seyad/appartements/Appartement_%C3%A0_vendre_90_m%C2%B2_%C3%A0_K%C3%A9nitra_57491963.htm,Kénitra,Seyad
Appartement vendre 94 m Knitra,680000,"Appartements dans Kénitra, Seyad",94,2,2,https://www.avito.ma/fr/seyad/appartements/Appartement_%C3%A0_vendre_94_m%C2%B2_%C3%A0_K%C3%A9nitra_57806366.htm,Kénitra,Seyad
Super Appartement Vue sur Mer Dar Bouazza,2390000,"Appartements dans Dar Bouazza, Toute la ville",132,3,2,https://www.avito.ma/fr/dar_bouazza/appartements/Super_Appartement_Vue_sur_Mer_%C3%A0_Dar_Bouazza_57692835.htm,Dar Bouazza,Toute La Ville
Appartement vendre 329 m Fs,2300000,"Appartements dans Fès, Champ de course",329,3,3,https://www.avito.ma/fr/champ_de_course/appartements/Appartement_%C3%A0_vendre_329_m%C2%B2_%C3%A0_F%C3%A8s_57661838.htm,Fès,Champ De Course
Appartement vendre Berrechid El Qabbah,340000,"Appartements dans Berrechid, Toute la ville",70,2,1,https://www.avito.ma/fr/berrechid/appartements/Appartement_%C3%A0_vendre_%C3%A0_Berrechid_El_Qabbah_57707198.htm,Berrechid,Toute La Ville
Appartement de Grande Superficie 93 m,850000,"Appartements dans Marrakech, Hay Charaf",93,2,1,https://www.avito.ma/fr/hay_charaf/appartements/Appartement_de_Grande_Superficie_93_m%C2%B2_57807028.htm,Marrakech,Hay Charaf
Appartement divis en 2 studios 2 min de Marina,3200000,"Appartements dans Tanger, Autre secteur",84,2,2,https://www.avito.ma/fr/autre_secteur/appartements/Appartement_divis%C3%A9_en_2_studios_%C3%A0_2_min_de_Marina_57108799.htm,Tanger,Autre Secteur
Appartements vendre,3000000,"Appartements dans Agadir, Haut-Founty",187,3,3,https://www.avito.ma/fr/haut_founty/appartements/Appartements_%C3%A0_vendre_57157671.htm,Agadir,Haut-Founty
Appartement vendre 85 m,1350000,"Appartements dans Casablanca, 2 Mars",80,2,2,https://www.avito.ma/fr/2_mars/appartements/Appartement_%C3%A0_vendre_85_m%C2%B2_57831380.htm,Casablanca,2 Mars
Appartement vendre,550000,"Appartements dans Tanger, Autre secteur",60,2,1,https://www.avito.ma/fr/autre_secteur/appartements/Appartement_%C3%A0_vendre_57762062.htm,Tanger,Autre Secteur
Bel appartement vendre meubl prt habiter,720000,"Appartements dans Agadir, El Houda",61,2,2,https://www.avito.ma/fr/el_houda/appartements/Bel_appartement_%C3%A0_vendre_meubl%C3%A9_pr%C3%AAt_%C3%A0_habiter_57836686.htm,Agadir,El Houda
Urgent vendre grand appartement deux faade,1990000,"Appartements dans Casablanca, Belvédère",250,5,3,https://www.avito.ma/fr/belv%C3%A9d%C3%A8re/appartements/Urgent_%C3%A0_vendre_grand_appartement_deux_fa%C3%A7ade_57622437.htm,Casablanca,Belvédère
