title,price,location,surface,rooms,baths,link
Appartement à vendre 65 m² à Martil,480000,"Appartements dans Martil, Toute la ville",appartement à vendre 65 m² à martil,2 chambres,1 sdb,https://www.avito.ma/fr/martil/appartements/Appartement_%C3%A0_vendre_65_m%C2%B2_%C3%A0_Martil_55449361.htm
Appartement 2 ch salon balcon Martil 45m² 4ème étage,300000,"Appartements dans Martil, Toute la ville",appartement 2 ch salon balcon martil 45m² 4ème étage,2 chambres,1 sdb,https://www.avito.ma/fr/martil/appartements/Appartement_2_ch_salon_balcon_Martil_45m%C2%B2_4%C3%A8me_%C3%A9tage_55361072.htm
Appartement à vendre 147 m² à Bd Fouaratte Casa.,1200000,"Appartements dans Casablanca, Hay Mohammadi",147 m²,4 chambres,3 sdbs,https://www.avito.ma/fr/hay_mohammadi/appartements/Appartement_%C3%A0_vendre_147_m%C2%B2_%C3%A0_Bd_Fouaratte_Casa__56185859.htm
Studio idéal pour investissement 47m²,1205000,"Appartements dans Casablanca, Bachkou",studio idéal pour investissement 47m²,1 chambre,2 sdbs,https://www.avito.ma/fr/bachkou/appartements/Studio_id%C3%A9al_pour_investissement_47m%C2%B2_57624295.htm
Studio à vendre 33m² à Palmier,970000,"Appartements dans Casablanca, Palmier",studio à vendre 33m² à palmier,1 chambre,1 sdb,https://www.avito.ma/fr/palmier/appartements/Studio_%C3%A0_vendre_33m%C2%B2_%C3%A0_Palmier_57737757.htm
Appartement à vendre 100 m² à Marrakech,2400000,"Appartements dans Marrakech, Hivernage",appartement à vendre 100 m² à marrakech,2 chambres,2 sdbs,https://www.avito.ma/fr/hivernage/appartements/Appartement_%C3%A0_vendre_100_m%C2%B2_%C3%A0_Marrakech_57764655.htm
CMN-MA-2450 - Appartement à vendre à Bd Anoual,1800000,"Appartements dans Casablanca, Autre secteur",114 m²,3 chambres,2 sdbs,https://www.avito.ma/fr/autre_secteur/appartements/CMN_MA_2450___Appartement_%C3%A0_vendre_%C3%A0_Bd_Anoual_57276428.htm
Studio 49m Neuf Proche Tram Anoual,1020000,"Appartements dans Casablanca, Quartier des Hôpitaux",49 m²,1 chambre,1 sdb,https://www.avito.ma/fr/quartier_des_h%C3%B4pitaux/appartements/Studio_49m_Neuf_Proche_Tram_Anoual_57486720.htm
À VENDRE 162M² BD ROUDANI – MAÂRIF,2650000,"Appartements dans Casablanca, Maarif",162 m²,3 chambres,3 sdbs,https://www.avito.ma/fr/maarif/appartements/%C3%80_VENDRE_162M%C2%B2_BD_ROUDANI___MA%C3%82RIF_57838311.htm
Appartement vue sur mer à vendre à Asilah,2000000,"Appartements dans Asilah, Toute la ville",150 m²,3 chambres,3 sdbs,https://www.avito.ma/fr/asilah/appartements/Appartement_vue_sur_mer_%C3%A0_vendre_%C3%A0_Asilah_57749648.htm
Appart 105m A Résidence Casa Park Sidi Maarouf,1250000,"Appartements dans Casablanca, Sidi Maarouf",105 m²,3 chambres,2 sdbs,https://www.avito.ma/fr/sidi_maarouf/appartements/Appart_105m_A_R%C3%A9sidence_Casa_Park_Sidi_Maarouf_57384299.htm
Appartement 74 m² à ALMAZ,830000,"Appartements dans Casablanca, Almaz",74 m²,2 chambres,1 sdb,https://www.avito.ma/fr/almaz/appartements/Appartement_74_m%C2%B2_%C3%A0_ALMAZ_57443082.htm
Duplex Avec Cour Spacieuse En Résidence Fermée,1800000,"Appartements dans Marrakech, Semlalia",,2 chambres,2 sdbs,https://www.avito.ma/fr/semlalia/appartements/Duplex_Avec_Cour_Spacieuse_En_R%C3%A9sidence_Ferm%C3%A9e_57397321.htm
Superbe Appartement À Semlalia À La Vente,1500000,"Appartements dans Marrakech, Semlalia",109 m²,2 chambres,1 sdb,https://www.avito.ma/fr/semlalia/appartements/Superbe_Appartement_%C3%80_Semlalia_%C3%80_La_Vente_57779634.htm
Appartement 3 ch bien situé,530000,"Appartements dans Martil, Toute la ville",70 m²,3 chambres,1 sdb,https://www.avito.ma/fr/martil/appartements/Appartement_3_ch_bien_situ%C3%A9_57838299.htm
Appartement R plus deux // près de la faculté,540000,"Appartements dans El Jadida, Autre secteur",96 m²,2 chambres,2 sdbs,https://www.avito.ma/fr/autre_secteur/appartements/Appartement_R_plus_deux____pr%C3%A8s_de_la_facult%C3%A9_56354412.htm
CMN-MA-2188 - Appartement à vendre à Racine,1680000,"Appartements dans Casablanca, Racine",144 m²,3 chambres,1 sdb,https://www.avito.ma/fr/racine/appartements/CMN_MA_2188___Appartement_%C3%A0_vendre_%C3%A0_Racine_56537855.htm
"Appartement 112 mètres, 3 façades avec soutien",830000,"Appartements dans Marrakech, M'Hamid",112 m²,3 chambres,1 sdb,https://www.avito.ma/fr/m_hamid/appartements/Appartement_112_m%C3%A8tres__3_fa%C3%A7ades_avec_soutien_56223074.htm
CMN-AN-1884 - Appartement à vendre à Bourgogne,1300000,"Appartements dans Casablanca, Bourgogne",80 m²,2 chambres,1 sdb,https://www.avito.ma/fr/bourgogne/appartements/CMN_AN_1884___Appartement_%C3%A0_vendre_%C3%A0_Bourgogne_57370097.htm
Appart 68m Maarif Ex Près Carrefour Yacoub,920000,"Appartements dans Casablanca, Maârif Extension",68 m²,2 chambres,2 sdbs,https://www.avito.ma/fr/ma%C3%A2rif_extension/appartements/Appart_68m_Maarif_Ex_Pr%C3%A8s_Carrefour_Yacoub_57779357.htm
CMN-ME-1690 - Appartement à vendre à 2 Mars,1700000,"Appartements dans Casablanca, 2 Mars",85 m²,2 chambres,2 sdbs,https://www.avito.ma/fr/2_mars/appartements/CMN_ME_1690___Appartement_%C3%A0_vendre_%C3%A0_2_Mars_57325115.htm
Appartement à vendre 111 m² à Marrakech,2600000,"Appartements dans Marrakech, Guéliz",appartement à vendre 111 m² à marrakech,2 chambres,2 sdbs,https://www.avito.ma/fr/gu%C3%A9liz/appartements/Appartement_%C3%A0_vendre_111_m%C2%B2_%C3%A0_Marrakech_57757647.htm
Appartement à vendre,770000,"Appartements dans Mohammedia, Hay Al Wahda",,3 chambres,1 sdb,https://www.avito.ma/fr/hay_al_wahda/appartements/Appartement_%C3%A0_vendre_55592654.htm
DES Appartements de 109 m² à Victoria - BOUSKOURA,855000,"Appartements dans Bouskoura, Victoria",115 m²,3 chambres,2 sdbs,https://www.avito.ma/fr/victoria/appartements/DES_Appartements_de_109_m%C2%B2_%C3%A0_Victoria___BOUSKOURA_56454082.htm
Excellent appartement à vendre de 100m² dans le quartier Moulay Abdellah,970000,"Appartements dans Casablanca, Aïn Chock",100 m²,2 chambres,1 sdb,https://www.avito.ma/fr/a%C3%AFn_chock/appartements/Excellent_appartement_%C3%A0_vendre_de_100m%C2%B2_dans_le_quartier_Moulay_Abdellah_57838252.htm
Vente Urgente Appartement Économique AinChock Lamkansa4,430000,"Appartements dans Lamkansa, Toute la ville",60 m²,2 chambres,2 sdbs,https://www.avito.ma/fr/lamkansa/appartements/Vente_Urgente_Appartement_%C3%89conomique_AinChock_Lamkansa4_57814995.htm
Appartement à Mohammedia au quartier du Parc,1450000,"Appartements dans Mohammedia, Quartier du Parc",125 m²,3 chambres,2 sdbs,https://www.avito.ma/fr/quartier_du_parc/appartements/Appartement_%C3%A0_Mohammedia_au_quartier_du_Parc_57567583.htm
Lancement projets appartements près Mahatta Jadida,380000,"Appartements dans Tanger, Aouama Gharbia",,2 chambres,1 sdb,https://www.avito.ma/fr/aouama_gharbia/appartements/Lancement_projets_appartements_pr%C3%A8s_Mahatta_Jadida_55013303.htm
💎 L'OPPORTUNITÉ GUÉLIZ-SEMLALIA 57 m²,900000,"Appartements dans Marrakech, Guéliz",57 m²,1 chambre,1 sdb,https://www.avito.ma/fr/gu%C3%A9liz/appartements/___L_OPPORTUNIT%C3%89_GU%C3%89LIZ_SEMLALIA_57_m%C2%B2_57689796.htm
3 Chambres à vendre 112 m² à Californie,2000000,"Appartements dans Casablanca, Californie",117 m²,3 chambres,2 sdbs,https://www.avito.ma/fr/californie/appartements/3_Chambres_%C3%A0_vendre_112_m%C2%B2_%C3%A0_Californie_56564980.htm
CMN-AC-2063 - Appartement à vendre à Sidi Maarouf,900000,"Appartements dans Casablanca, Sidi Maarouf",85 m²,2 chambres,2 sdbs,https://www.avito.ma/fr/sidi_maarouf/appartements/CMN_AC_2063___Appartement_%C3%A0_vendre_%C3%A0_Sidi_Maarouf_57349576.htm
2 Appartements moyen standing à vendre – Benguerir,520000,"Appartements dans Ben Guerir, Toute la ville",92 m²,2 chambres,2 sdbs,https://www.avito.ma/fr/ben_guerir/appartements/2_Appartements_moyen_standing_%C3%A0_vendre___Benguerir_56548870.htm
Appartement à vendre 90 m² Limoune à Ouled Teïma,585000,"Appartements dans Ouled Teïma, Toute la ville",90 m²,3 chambres,1 sdb,https://www.avito.ma/fr/ouled_te%C3%AFma/appartements/Appartement_%C3%A0_vendre_90_m%C2%B2_Limoune_%C3%A0_Ouled_Te%C3%AFma_56824722.htm
CMN-HA-1859 - Appartement à vendre à Beauséjour,1270000,"Appartements dans Casablanca, Beauséjour",95 m²,2 chambres,2 sdbs,https://www.avito.ma/fr/beaus%C3%A9jour/appartements/CMN_HA_1859___Appartement_%C3%A0_vendre_%C3%A0_Beaus%C3%A9jour_57245367.htm
Appt 3 ch salon à vendre à Val Fleuri,1800000,"Appartements dans Casablanca, Val Fleuri",126 m²,3 chambres,2 sdbs,https://www.avito.ma/fr/val_fleuri/appartements/Appt_3_ch_salon_%C3%A0_vendre_%C3%A0_Val_Fleuri_56660584.htm
3 Chambres à vendre 143 m² à Californie,2255000,"Appartements dans Casablanca, Californie",143 m²,3 chambres,2 sdbs,https://www.avito.ma/fr/californie/appartements/3_Chambres_%C3%A0_vendre_143_m%C2%B2_%C3%A0_Californie_56512306.htm
Appartement meublé 3 chambres à vendre Tanger,650000,"Appartements dans Tanger, Hay Hassani",70 m²,3 chambres,1 sdb,https://www.avito.ma/fr/hay_hassani/appartements/Appartement_meubl%C3%A9_3_chambres_%C3%A0_vendre_Tanger_57304897.htm
CMN-AN-1875 - Appartement à vendre à Bourgogne,1500000,"Appartements dans Casablanca, Bourgogne",113 m²,3 chambres,1 sdb,https://www.avito.ma/fr/bourgogne/appartements/CMN_AN_1875___Appartement_%C3%A0_vendre_%C3%A0_Bourgogne_57306326.htm
Appartement 100 m² Les Collines Sidi Maarouf,1180000,"Appartements dans Casablanca, Sidi Maarouf",100 m²,3 chambres,2 sdbs,https://www.avito.ma/fr/sidi_maarouf/appartements/Appartement_100_m%C2%B2_Les_Collines_Sidi_Maarouf_57755840.htm
Appartement 67 m² à BOUSKOURA prix imbattable,690000,"Appartements dans Casablanca, Autre secteur",67 m²,2 chambres,1 sdb,https://www.avito.ma/fr/autre_secteur/appartements/Appartement_67_m%C2%B2_%C3%A0_BOUSKOURA_prix_imbattable_57595128.htm
Exclusivité- Appartement de standing CALIFORNIE,3500000,"Appartements dans Casablanca, Californie",,3 chambres,3 sdbs,https://www.avito.ma/fr/californie/appartements/Exclusivit%C3%A9__Appartement_de_standing_CALIFORNIE_57635735.htm
Appartement en vente 61m² à Gueliz Piscine Rooftop,1500000,"Appartements dans Marrakech, Guéliz",61 m²,1 chambre,1 sdb,https://www.avito.ma/fr/gu%C3%A9liz/appartements/Appartement_en_vente_61m%C2%B2_%C3%A0_Gueliz_Piscine_Rooftop_57656300.htm
CMN-MA-2478 - Appartement à vendre à Burger,2200000,"Appartements dans Casablanca, Maarif",197 m²,4 chambres,1 sdb,https://www.avito.ma/fr/maarif/appartements/CMN_MA_2478___Appartement_%C3%A0_vendre_%C3%A0_Burger_57365012.htm
Appartement à vendre 60 m² à Marrakech,1200000,"Appartements dans Marrakech, Guéliz",appartement à vendre 60 m² à marrakech,1 chambre,1 sdb,https://www.avito.ma/fr/gu%C3%A9liz/appartements/Appartement_%C3%A0_vendre_60_m%C2%B2_%C3%A0_Marrakech_57585644.htm
Studio-Neuf/JamaisHabité/ 62M²/Tram Busway Ghandi,880000,"Appartements dans Casablanca, Maarif",62 m²,1 chambre,1 sdb,https://www.avito.ma/fr/maarif/appartements/Studio_Neuf_JamaisHabit%C3%A9__62M%C2%B2_Tram_Busway_Ghandi_57189622.htm
A vendre un appart de 4 chambres sans voisins,3400000,"Appartements dans Casablanca, Quartier des Hôpitaux",274 m²,4 chambres,3 sdbs,https://www.avito.ma/fr/quartier_des_h%C3%B4pitaux/appartements/A_vendre_un_appart_de_4_chambres_sans_voisins_57375208.htm
Appartement 2 chambres corniche investisseurs airbnb,1100000,"Appartements dans Tanger, Malabata",75 m²,2 chambres,1 sdb,https://www.avito.ma/fr/malabata/appartements/Appartement_2_chambres_corniche_investisseurs_airbnb_57831155.htm
Appartement à vendre 51 m² à Casablanca,1000000,"Appartements dans Casablanca, Gauthier",51 m²,1 chambre,1 sdb,https://www.avito.ma/fr/gauthier/appartements/Appartement_%C3%A0_vendre_51_m%C2%B2_%C3%A0_Casablanca_57808527.htm
"Superbe appartement à vendre dans le quartier Golf, route des Rmilat",960000,"Appartements dans Tanger, Du Golf",79 m²,2 chambres,1 sdb,https://www.avito.ma/fr/du_golf/appartements/Superbe_appartement_%C3%A0_vendre_dans_le_quartier_Golf__route_des_Rmilat_57030107.htm
Superbe appartement à Dar Bouazza,2850000,"Appartements dans Dar Bouazza, Toute la ville",199 m²,4 chambres,3 sdbs,https://www.avito.ma/fr/dar_bouazza/appartements/Superbe_appartement_%C3%A0_Dar_Bouazza_57699278.htm
Appartements à vendre 56 m² à Marrakech,560000,"Appartements dans Marrakech, Mabrouka",56 m²,2 chambres,1 sdb,https://www.avito.ma/fr/mabrouka/appartements/Appartements_%C3%A0_vendre_56_m%C2%B2_%C3%A0_Marrakech_57418106.htm
Appartement neuf à vendre 71 m² à Marrakech,460000,"Appartements dans Marrakech, M'Hamid",71 m²,3 chambres,2 sdbs,https://www.avito.ma/fr/m_hamid/appartements/Appartement_neuf_%C3%A0_vendre_71_m%C2%B2_%C3%A0_Marrakech_53696929.htm
Appartement à vendre 85 m² à Sidi Rahal,990000,"Appartements dans Sidi Rahal, Toute la ville",appartement à vendre 85 m² à sidi rahal,2 chambres,1 sdb,https://www.avito.ma/fr/sidi_rahal/appartements/Appartement_%C3%A0_vendre_85_m%C2%B2_%C3%A0_Sidi_Rahal_57616748.htm
Appartement à vendre 74 m² à Casablanca,780000,"Appartements dans Casablanca, Sidi Maarouf",74 m²,2 chambres,2 sdbs,https://www.avito.ma/fr/sidi_maarouf/appartements/Appartement_%C3%A0_vendre_74_m%C2%B2_%C3%A0_Casablanca_57677252.htm
Appartement d’exception à vendre au cœur d’Agdal,2300000,"Appartements dans Rabat, Agdal",,3 chambres,2 sdbs,https://www.avito.ma/fr/agdal/appartements/Appartement_d_exception_%C3%A0_vendre_au_c_ur_d_Agdal_57779106.htm
Appartement à vendre 104 m² à Mohammedia,1590000,"Appartements dans Mohammedia, Quartier du Parc",appartement à vendre 104 m² à mohammedia,2 chambres,2 sdbs,https://www.avito.ma/fr/quartier_du_parc/appartements/Appartement_%C3%A0_vendre_104_m%C2%B2_%C3%A0_Mohammedia_57711440.htm
Appartement à vendre opportunité unique à Saïd Hajji – Salé,620000,"Appartements dans Salé, Said Hajji",70 m²,2 chambres,1 sdb,https://www.avito.ma/fr/said_hajji/appartements/Appartement_%C3%A0_vendre_opportunit%C3%A9_unique_%C3%A0_Sa%C3%AFd_Hajji___Sal%C3%A9_57812395.htm
Duplex meublé à vendre près du stade Ibn Batouta,1300000,"Appartements dans Tanger, Ziatene",140 m²,2 chambres,1 sdb,https://www.avito.ma/fr/ziatene/appartements/Duplex_meubl%C3%A9_%C3%A0_vendre_pr%C3%A8s_du_stade_Ibn_Batouta_57110774.htm
Appartement à vendre 87 m² à Casablanca,700000,"Appartements dans Casablanca, Aïn Chock",87 m²,2 chambres,1 sdb,https://www.avito.ma/fr/a%C3%AFn_chock/appartements/Appartement_%C3%A0_vendre_87_m%C2%B2_%C3%A0_Casablanca_57838125.htm
Appartement 109 m² à Salé en cours de construction,1320000,"Appartements dans Salé, Sala El Jadida",appartement 109 m² à salé en cours de construction,3 chambres,2 sdbs,https://www.avito.ma/fr/sala_el_jadida/appartements/Appartement_109_m%C2%B2_%C3%A0_Sal%C3%A9_en_cours_de_construction_57366961.htm
Studio meublé à vendre vue piscine,700000,"Appartements dans Mohammedia, Mimosas",,1 chambre,1 sdb,https://www.avito.ma/fr/mimosas/appartements/Studio_meubl%C3%A9_%C3%A0_vendre_vue_piscine_57272115.htm
Appart 114m2 de 3 ch salon à Rouidate,970000,"Appartements dans Marrakech, Rouidat",,3 chambres,1 sdb,https://www.avito.ma/fr/rouidat/appartements/Appart_114m2_de_3_ch_salon_%C3%A0_Rouidate_57312726.htm
Neuf Appartement à vendre 63 m² à Agadir,780000,"Appartements dans Agadir, Hay Mohammadi",neuf appartement à vendre 63 m² à agadir,2 chambres,1 sdb,https://www.avito.ma/fr/hay_mohammadi/appartements/Neuf_Appartement_%C3%A0_vendre_63_m%C2%B2_%C3%A0_Agadir_57604791.htm
Appartement à vendre 102 m² à Agadir,2750000,"Appartements dans Agadir, Founty",appartement à vendre 102 m² à agadir,2 chambres,3 sdbs,https://www.avito.ma/fr/founty/appartements/Appartement_%C3%A0_vendre_102_m%C2%B2_%C3%A0_Agadir_57094364.htm
Appartement traversant avec vue mer–Dernier étage,2300000,"Appartements dans Casablanca, Anfa",121 m²,2 chambres,1 sdb,https://www.avito.ma/fr/anfa/appartements/Appartement_traversant_avec_vue_mer_Dernier_%C3%A9tage_57401272.htm
À VENDRE APPARTEMENT SALON 3 CHAMBRES 70m2,735000,"Appartements dans Casablanca, Autre secteur",70 m²,3 chambres,2 sdbs,https://www.avito.ma/fr/autre_secteur/appartements/%C3%80_VENDRE_APPARTEMENT_SALON_3_CHAMBRES_70m2_57279776.htm
Appartement à vendre 136 m² à Casablanca,2500000,"Appartements dans Casablanca, Val Fleuri",136 m²,3 chambres,2 sdbs,https://www.avito.ma/fr/val_fleuri/appartements/Appartement_%C3%A0_vendre_136_m%C2%B2_%C3%A0_Casablanca_57734809.htm
Spacieux appartement deux façades Belvédère,1100000,"Appartements dans Casablanca, Belvédère",163 m²,2 chambres,2 sdbs,https://www.avito.ma/fr/belv%C3%A9d%C3%A8re/appartements/Spacieux_appartement_deux_fa%C3%A7ades_Belv%C3%A9d%C3%A8re_57130099.htm
Excellents appartements à vendre,900000,"Appartements dans Temara, Autre secteur",120 m²,4 chambres,2 sdbs,https://www.avito.ma/fr/autre_secteur/appartements/Excellents_appartements_%C3%A0_vendre_56831884.htm
Appartement vue piscine,1200000,"Appartements dans Dar Bouazza, Toute la ville",,3 chambres,2 sdbs,https://www.avito.ma/fr/dar_bouazza/appartements/Appartement_vue_piscine_57663713.htm
Appartement 2 ch à vendre vue sur mer,2900000,"Appartements dans Tanger, Malabata",82 m²,2 chambres,1 sdb,https://www.avito.ma/fr/malabata/appartements/Appartement_2_ch_%C3%A0_vendre_vue_sur_mer_57080322.htm
Duplex à vendre 124 m² à Targa 11000 dhs m2,1364000,"Appartements dans Marrakech, Targa",duplex à vendre 124 m² à targa 11000 dhs m2,4 chambres,2 sdbs,https://www.avito.ma/fr/targa/appartements/Duplex_%C3%A0_vendre_124_m%C2%B2_%C3%A0_Targa_11000_dhs_m2_57831838.htm
Appartement Meublé à vendre à l'Houda,640000,"Appartements dans Agadir, El Houda",55 m²,2 chambres,1 sdb,https://www.avito.ma/fr/el_houda/appartements/Appartement_Meubl%C3%A9_%C3%A0_vendre_%C3%A0_l_Houda_57768697.htm
Appartement avec terrasse😍 à vendre à Hay Azdehar,860000,"Appartements dans Marrakech, Hay Izdihar",69 m²,2 chambres,1 sdb,https://www.avito.ma/fr/hay_izdihar/appartements/Appartement_avec_terrasse___%C3%A0_vendre_%C3%A0_Hay_Azdehar_57574042.htm
Appart 93 m² à Salé en cours de construction,1095000,"Appartements dans Salé, Sala El Jadida",appart 93 m² à salé en cours de construction,3 chambres,2 sdbs,https://www.avito.ma/fr/sala_el_jadida/appartements/Appart_93_m%C2%B2_%C3%A0_Sal%C3%A9_en_cours_de_construction_57366771.htm
Appart 97 m² à Salé en cours de construction,1165000,"Appartements dans Salé, Sala El Jadida",appart 97 m² à salé en cours de construction,2 chambres,2 sdbs,https://www.avito.ma/fr/sala_el_jadida/appartements/Appart_97_m%C2%B2_%C3%A0_Sal%C3%A9_en_cours_de_construction_57366786.htm
Studio de 60 m² à vendre à Marrakech,1140000,"Appartements dans Marrakech, Guéliz",60 m²,1 chambre,1 sdb,https://www.avito.ma/fr/gu%C3%A9liz/appartements/Studio_de_60_m%C2%B2_%C3%A0_vendre_%C3%A0_Marrakech_57765700.htm
Appartement à vendre 76 m² à Marrakech,1500000,"Appartements dans Marrakech, Victor Hugo",76 m²,2 chambres,2 sdbs,https://www.avito.ma/fr/victor_hugo/appartements/Appartement_%C3%A0_vendre_76_m%C2%B2_%C3%A0_Marrakech_57647629.htm
Appartement 100 m² Les Collines Sidi Maarouf,1180000,"Appartements dans Casablanca, Sidi Maarouf",100 m²,3 chambres,2 sdbs,https://www.avito.ma/fr/sidi_maarouf/appartements/Appartement_100_m%C2%B2_Les_Collines_Sidi_Maarouf_57755840.htm
Appartement Meublé à vendre à l'Houda,640000,"Appartements dans Agadir, El Houda",55 m²,2 chambres,1 sdb,https://www.avito.ma/fr/el_houda/appartements/Appartement_Meubl%C3%A9_%C3%A0_vendre_%C3%A0_l_Houda_57768697.htm
Appartement avec terrasse😍 à vendre à Hay Azdehar,860000,"Appartements dans Marrakech, Hay Izdihar",69 m²,2 chambres,1 sdb,https://www.avito.ma/fr/hay_izdihar/appartements/Appartement_avec_terrasse___%C3%A0_vendre_%C3%A0_Hay_Azdehar_57574042.htm
A vendre un bel appartement avec terrasse,2480000,"Appartements dans Casablanca, Palmier",140 m²,3 chambres,2 sdbs,https://www.avito.ma/fr/palmier/appartements/A_vendre_un_bel_appartement_avec_terrasse_57373926.htm
Appartement vue piscine,1200000,"Appartements dans Dar Bouazza, Toute la ville",,3 chambres,2 sdbs,https://www.avito.ma/fr/dar_bouazza/appartements/Appartement_vue_piscine_57663713.htm
A vendre un joli appartement de 3 chambres,2450000,"Appartements dans Casablanca, Racine",132 m²,3 chambres,3 sdbs,https://www.avito.ma/fr/racine/appartements/A_vendre_un_joli_appartement_de_3_chambres_57415416.htm
Apt Neuf 3 Chambres 1Salon roudani Maarif,1400000,"Appartements dans Casablanca, Maarif",70 m²,3 chambres,1 sdb,https://www.avito.ma/fr/maarif/appartements/Apt_Neuf_3_Chambres_1Salon_roudani_Maarif_57343247.htm
😍 Appartement rénové avec belle vue,390000,"Appartements dans Marrakech, Azzouzia",59 m²,2 chambres,1 sdb,https://www.avito.ma/fr/azzouzia/appartements/___Appartement_r%C3%A9nov%C3%A9_avec_belle_vue_57797690.htm
Magnifique studio à vendre palmier,1200000,"Appartements dans Casablanca, Palmier",,1 chambre,1 sdb,https://www.avito.ma/fr/palmier/appartements/Magnifique_studio_%C3%A0_vendre_palmier_56489196.htm
Appartement à vendre au parc mohammedia,2499999,"Appartements dans Mohammedia, Centre Ville",,3 chambres,2 sdbs,https://www.avito.ma/fr/centre_ville/appartements/Appartement_%C3%A0_vendre_au_parc_mohammedia_57079350.htm
Appartement à vendre à Hay Salam Oujda,380000,"Appartements dans Oujda, Hay Salam",53 m²,2 chambres,1 sdb,https://www.avito.ma/fr/hay_salam/appartements/Appartement_%C3%A0_vendre_%C3%A0_Hay_Salam_Oujda_57780476.htm
Appartement à vendre 98 m² à Marrakech,1500000,"Appartements dans Marrakech, Guéliz",appartement à vendre 98 m² à marrakech,2 chambres,2 sdbs,https://www.avito.ma/fr/gu%C3%A9liz/appartements/Appartement_%C3%A0_vendre_98_m%C2%B2_%C3%A0_Marrakech_57736559.htm
Appart. 3 façades 78 m2 sidi Maarof à côté Worod,780000,"Appartements dans Casablanca, Sidi Maarouf",,3 chambres,1 sdb,https://www.avito.ma/fr/sidi_maarouf/appartements/Appart__3_fa%C3%A7ades_78_m2_sidi_Maarof_%C3%A0_c%C3%B4t%C3%A9_Worod_56306214.htm
Duplex RDC 47 m² en vente - piscine Rooftop,1708000,"Appartements dans Marrakech, Av Abdelkrim El Khattabi",47 m²,1 chambre,2 sdbs,https://www.avito.ma/fr/av_abdelkrim_el_khattabi/appartements/Duplex_RDC_47_m%C2%B2_en_vente___piscine_Rooftop_57606328.htm
TRIANGLE D’OR BEL APPT A VENDRE AVEC TERRASSE,3750000,"Appartements dans Casablanca, Triangle d'Or",267 m²,3 chambres,2 sdbs,https://www.avito.ma/fr/triangle_d_or/appartements/TRIANGLE_D_OR_BEL_APPT_A_VENDRE_AVEC_TERRASSE_55809049.htm
Appartement à vendre 149 m² à Casablanca,850000,"Appartements dans Casablanca, Belvédère",149 m²,3 chambres,2 sdbs,https://www.avito.ma/fr/belv%C3%A9d%C3%A8re/appartements/Appartement_%C3%A0_vendre_149_m%C2%B2_%C3%A0_Casablanca_57832871.htm
Appartement 66 m² à Hay Nakhil Oujda,690000,"Appartements dans Oujda, Autre secteur",appartement 66 m² à hay nakhil oujda,3 chambres,1 sdb,https://www.avito.ma/fr/autre_secteur/appartements/Appartement_66_m%C2%B2_%C3%A0_Hay_Nakhil_Oujda_55904368.htm
A VENDRE APPARTEMENTS NEUFS AVEC TITRES FONCIERS,575000,"Appartements dans Kénitra, Bir Rami",90 m²,3 chambres,1 sdb,https://www.avito.ma/fr/bir_rami/appartements/A_VENDRE_APPARTEMENTS_NEUFS_AVEC_TITRES_FONCIERS_57372793.htm
Appartement en vente 65m² à Gueliz-Piscine Rooftop,1498000,"Appartements dans Marrakech, Guéliz",65 m²,1 chambre,1 sdb,https://www.avito.ma/fr/gu%C3%A9liz/appartements/Appartement_en_vente_65m%C2%B2_%C3%A0_Gueliz_Piscine_Rooftop_57658705.htm
Studio neuf 41 m2 à vendre Roche Noires,640000,"Appartements dans Casablanca, Roches Noires",41 m²,1 chambre,1 sdb,https://www.avito.ma/fr/roches_noires/appartements/Studio_neuf_41_m2_%C3%A0_vendre_Roche_Noires_55587139.htm
Duplex à vendre avec piscine proche Guéliz,1050000,"Appartements dans Marrakech, Mabrouka",95 m²,3 chambres,2 sdbs,https://www.avito.ma/fr/mabrouka/appartements/Duplex_%C3%A0_vendre_avec_piscine_proche_Gu%C3%A9liz_57727756.htm
Nouveau Projet Au Centre Avec Piscine,710000,"Appartements dans Marrakech, Route de Casablanca",,1 chambre,1 sdb,https://www.avito.ma/fr/route_de_casablanca/appartements/Nouveau_Projet_Au_Centre_Avec_Piscine_55850957.htm
Habit immobilier met en vente un joli studio,1180000,"Appartements dans Casablanca, Bourgogne",60 m²,1 chambre,1 sdb,https://www.avito.ma/fr/bourgogne/appartements/Habit_immobilier_met_en_vente_un_joli_studio_57406412.htm
Studio Avec Terrasse À Vendre Sur La Rte De Casa,1200000,"Appartements dans Marrakech, Route de Casablanca",,1 chambre,1 sdb,https://www.avito.ma/fr/route_de_casablanca/appartements/Studio_Avec_Terrasse_%C3%80_Vendre_Sur_La_Rte_De_Casa_57156329.htm
MAÂRIF JOLI APPARTEMENT 109 m² À VENDRE,1050000,"Appartements dans Casablanca, Maarif",109 m²,2 chambres,2 sdbs,https://www.avito.ma/fr/maarif/appartements/MA%C3%82RIF_JOLI_APPARTEMENT_109_m%C2%B2_%C3%80_VENDRE_57654876.htm
Appartement à vendre 75 m² à Casablanca,650000,"Appartements dans Casablanca, Ain Sebaa",75 m²,2 chambres,1 sdb,https://www.avito.ma/fr/ain_sebaa/appartements/Appartement_%C3%A0_vendre_75_m%C2%B2_%C3%A0_Casablanca_57634469.htm
Appart 118 m² Étage 3 Sidi Maarouf,1200000,"Appartements dans Casablanca, Sidi Maarouf",118 m²,3 chambres,2 sdbs,https://www.avito.ma/fr/sidi_maarouf/appartements/Appart_118_m%C2%B2_%C3%89tage_3_Sidi_Maarouf_57742399.htm
Bel appartement neuf à vendre à Oasis,2400000,"Appartements dans Casablanca, Oasis",118 m²,3 chambres,2 sdbs,https://www.avito.ma/fr/oasis/appartements/Bel_appartement_neuf_%C3%A0_vendre_%C3%A0_Oasis_57797969.htm
Appartement vue sur la gare routière sans intermédiaire,550000,"Appartements dans Tanger, Autre secteur",67 m²,2 chambres,1 sdb,https://www.avito.ma/fr/autre_secteur/appartements/Appartement_vue_sur_la_gare_routi%C3%A8re_sans_interm%C3%A9diaire_56169439.htm
Magnifique penthouse à vendre ou à louer à Wifac,3150000,"Appartements dans Temara, Wifak",230 m²,4 chambres,2 sdbs,https://www.avito.ma/fr/wifak/appartements/Magnifique_penthouse_%C3%A0_vendre_ou_%C3%A0_louer_%C3%A0_Wifac_57321110.htm
DUPLEX D'EXCEPTION Vue MER à vendre MARINA Casa,3690000,"Appartements dans Casablanca, Marina",204 m²,2 chambres,2 sdbs,https://www.avito.ma/fr/marina/appartements/DUPLEX_D_EXCEPTION_Vue_MER_%C3%A0_vendre_MARINA_Casa_57838040.htm
Appartement à vendre 100 m² à Marrakech,1200000,"Appartements dans Marrakech, Semlalia",appartement à vendre 100 m² à marrakech,3 chambres,2 sdbs,https://www.avito.ma/fr/semlalia/appartements/Appartement_%C3%A0_vendre_100_m%C2%B2_%C3%A0_Marrakech_57604838.htm
Appartement à Assilah,450000,"Appartements dans Asilah, Toute la ville",,2 chambres,2 sdbs,https://www.avito.ma/fr/asilah/appartements/Appartement_%C3%A0_Assilah_51739569.htm
Vente appartement à samlalia,9300000,"Appartements dans Marrakech, Semlalia",,2 chambres,1 sdb,https://www.avito.ma/fr/semlalia/appartements/Vente_appartement_%C3%A0_samlalia_56822535.htm
Appartement à vendre 48m² à Gueliz - Piscine Rooftop,1077000,"Appartements dans Marrakech, Guéliz",49 m²,1 chambre,1 sdb,https://www.avito.ma/fr/gu%C3%A9liz/appartements/Appartement_%C3%A0_vendre_48m%C2%B2_%C3%A0_Gueliz___Piscine_Rooftop_57658624.htm
Appartement à vendre Sable d'Or à Harhoura,2200000,"Appartements dans Temara, Harhoura",134 m²,3 chambres,2 sdbs,https://www.avito.ma/fr/harhoura/appartements/Appartement_%C3%A0_vendre_Sable_d_Or_%C3%A0_Harhoura_57704808.htm
Appartement 67 m² à BOUSKOURA prix imbattable,690000,"Appartements dans Casablanca, Autre secteur",67 m²,2 chambres,1 sdb,https://www.avito.ma/fr/autre_secteur/appartements/Appartement_67_m%C2%B2_%C3%A0_BOUSKOURA_prix_imbattable_57595127.htm
Appartement à vendre 145 m² à la marina casablanca,3900000,"Appartements dans Tanger, Autre secteur",155 m²,2 chambres,3 sdbs,https://www.avito.ma/fr/autre_secteur/appartements/Appartement_%C3%A0_vendre_145_m%C2%B2_%C3%A0_la_marina_casablanca_56472283.htm
APPART 3CH – 118 m² plus 12 m² de parking à Palmier,2260000,"Appartements dans Casablanca, Maarif",118 m²,3 chambres,1 sdb,https://www.avito.ma/fr/maarif/appartements/APPART_3CH___118_m%C2%B2_plus_12_m%C2%B2_de_parking_%C3%A0_Palmier_57686401.htm
Appartement à vendre 48m² à Gueliz - Piscine Rooftop,1077000,"Appartements dans Marrakech, Guéliz",49 m²,1 chambre,1 sdb,https://www.avito.ma/fr/gu%C3%A9liz/appartements/Appartement_%C3%A0_vendre_48m%C2%B2_%C3%A0_Gueliz___Piscine_Rooftop_57658624.htm
Appartement à vendre sur la route de Safi près de MacDo,740000,"Appartements dans Marrakech, Route de Safi",,2 chambres,1 sdb,https://www.avito.ma/fr/route_de_safi/appartements/Appartement_%C3%A0_vendre_sur_la_route_de_Safi_pr%C3%A8s_de_MacDo_57742205.htm
Meilleur invest Studio Neuf 62M Tram Busway Ghandi,880000,"Appartements dans Casablanca, Casablanca Finance City",62 m²,1 chambre,1 sdb,https://www.avito.ma/fr/casablanca_finance_city/appartements/Meilleur_invest_Studio_Neuf_62M_Tram_Busway_Ghandi_57189382.htm
Appartement en vent 51m² à Gueliz-Piscine Rooftop,1267000,"Appartements dans Marrakech, Guéliz",51 m²,1 chambre,1 sdb,https://www.avito.ma/fr/gu%C3%A9liz/appartements/Appartement_en_vent_51m%C2%B2_%C3%A0_Gueliz_Piscine_Rooftop_57658657.htm
Appartement neuf avec ascenseur et parking,440000,"Appartements dans Casablanca, Sidi Othmane",81 m²,2 chambres,1 sdb,https://www.avito.ma/fr/sidi_othmane/appartements/Appartement_neuf_avec_ascenseur_et_parking_55310114.htm
Appartement à vendre 70 m² à Had Soualem,260000,"Appartements dans Had Soualem, Toute la ville",70 m²,3 chambres,1 sdb,https://www.avito.ma/fr/had_soualem/appartements/Appartement_%C3%A0_vendre_70_m%C2%B2_%C3%A0_Had_Soualem_57838006.htm
Appartement Spacieux Avec Finitions Premium,3200000,"Appartements dans Marrakech, Victor Hugo",,2 chambres,2 sdbs,https://www.avito.ma/fr/victor_hugo/appartements/Appartement_Spacieux_Avec_Finitions_Premium_57345068.htm
Appartement à vendre 61 m² à Marrakech,1530000,"Appartements dans Marrakech, Guéliz",61 m²,1 chambre,1 sdb,https://www.avito.ma/fr/gu%C3%A9liz/appartements/Appartement_%C3%A0_vendre_61_m%C2%B2_%C3%A0_Marrakech_57656693.htm
Cozy Studio Duplex Meublé À Vendre À Victor Hugo,1200000,"Appartements dans Marrakech, Victor Hugo",,1 chambre,2 sdbs,https://www.avito.ma/fr/victor_hugo/appartements/Cozy_Studio_Duplex_Meubl%C3%A9_%C3%80_Vendre_%C3%80_Victor_Hugo_57739902.htm
Appartement à vendre Résidence noria 2 chambres,2300000,"Appartements dans Marrakech, Autre secteur",84 m²,2 chambres,2 sdbs,https://www.avito.ma/fr/autre_secteur/appartements/Appartement_%C3%A0_vendre_R%C3%A9sidence_noria_2_chambres_57372719.htm
À vendre appartement quartier Kenidi,500000,"Appartements dans Safi, Ville Nouvelle",81 m²,3 chambres,2 sdbs,https://www.avito.ma/fr/ville_nouvelle/appartements/%C3%80_vendre_appartement_quartier_Kenidi_57559189.htm
Projet Prestigieux avec piscine Route de Casa,669000,"Appartements dans Marrakech, Guéliz",1 m²,1 chambre,1 sdb,https://www.avito.ma/fr/gu%C3%A9liz/appartements/Projet_Prestigieux_avec_piscine_Route_de_Casa_54457734.htm
Appartement à vendre 117 m² à Marrakech,1800000,"Appartements dans Marrakech, Guéliz",appartement à vendre 117 m² à marrakech,3 chambres,3 sdbs,https://www.avito.ma/fr/gu%C3%A9liz/appartements/Appartement_%C3%A0_vendre_117_m%C2%B2_%C3%A0_Marrakech_57756948.htm
Studio Neuf 53m2 Balcon Clim Riviera,1060000,"Appartements dans Casablanca, Riviera",53 m²,1 chambre,1 sdb,https://www.avito.ma/fr/riviera/appartements/Studio_Neuf_53m2_Balcon_Clim_Riviera_55740690.htm
Résidence River Palm,1500000,"Appartements dans Marrakech, Route de Casablanca",90 m²,2 chambres,2 sdbs,https://www.avito.ma/fr/route_de_casablanca/appartements/R%C3%A9sidence_River_Palm_57756080.htm
Appartement à vendre 92 m² à El Jadida,750000,"Appartements dans El Jadida, Hay Essalam",92 m²,3 chambres,2 sdbs,https://www.avito.ma/fr/hay_essalam/appartements/Appartement_%C3%A0_vendre_92_m%C2%B2_%C3%A0_El_Jadida_57837955.htm
appartement meublé à vendre,1100000,"Appartements dans Kénitra, Mimosas",110 m²,3 chambres,2 sdbs,https://www.avito.ma/fr/mimosas/appartements/appartement_meubl%C3%A9_%C3%A0_vendre_57763197.htm
PALMIER JOLI STUDIO NEUF AVEC TERRASSE À VENDRE,1235000,"Appartements dans Casablanca, Palmier",54 m²,1 chambre,1 sdb,https://www.avito.ma/fr/palmier/appartements/PALMIER_JOLI_STUDIO_NEUF_AVEC_TERRASSE_%C3%80_VENDRE_57392471.htm
Appartement à vendre à Temara,960000,"Appartements dans Temara, Autre secteur",128 m²,3 chambres,1 sdb,https://www.avito.ma/fr/autre_secteur/appartements/Appartement_%C3%A0_vendre_%C3%A0_Temara_45494983.htm
LA PERLA BLANCA -E-8 25/56952,1150000,"Appartements dans Benslimane, Autre secteur",114 m²,3 chambres,2 sdbs,https://www.avito.ma/fr/autre_secteur/appartements/LA_PERLA_BLANCA__E_8_25_56952_57813601.htm
Appartement à vendre 60 m² à Marrakech,1320000,"Appartements dans Marrakech, Guéliz",60 m²,2 chambres,1 sdb,https://www.avito.ma/fr/gu%C3%A9liz/appartements/Appartement_%C3%A0_vendre_60_m%C2%B2_%C3%A0_Marrakech_57658682.htm
Studio Neuf 42m2 Balcon Garage Maarif,960000,"Appartements dans Casablanca, Maarif",42 m²,1 chambre,1 sdb,https://www.avito.ma/fr/maarif/appartements/Studio_Neuf_42m2__Balcon_Garage_Maarif_57421540.htm
Appartement à vendre,570000,"Appartements dans Mohammedia, Hay Al Falah",,2 chambres,1 sdb,https://www.avito.ma/fr/hay_al_falah/appartements/Appartement_%C3%A0_vendre_57796998.htm
"Résidence Prestige 2, Quartier Al-Azhar",860000,"Appartements dans Casablanca, Sidi Bernoussi",101 m²,3 chambres,2 sdbs,https://www.avito.ma/fr/sidi_bernoussi/appartements/R%C3%A9sidence_Prestige_2__Quartier_Al_Azhar_56176008.htm
Luxueux studio en vente a Gueliz pour AIRBNB,1526500,"Appartements dans Marrakech, Av Abdelkrim El Khattabi",61 m²,1 chambre,1 sdb,https://www.avito.ma/fr/av_abdelkrim_el_khattabi/appartements/Luxueux_studio_en_vente_a_Gueliz_pour_AIRBNB_57606267.htm
Duplex moderne à vendre – 2 chambres Victor Hugo,1600000,"Appartements dans Marrakech, Victor Hugo",,2 chambres,1 sdb,https://www.avito.ma/fr/victor_hugo/appartements/Duplex_moderne_%C3%A0_vendre___2_chambres__Victor_Hugo_57447780.htm
🏠 L’EXCEPTION URBAINE Duplex 66 m² à Guéliz,1518000,"Appartements dans Marrakech, Guéliz",65 m²,1 chambre,1 sdb,https://www.avito.ma/fr/gu%C3%A9liz/appartements/___L_EXCEPTION_URBAINE_Duplex_66_m%C2%B2_%C3%A0_Gu%C3%A9liz_57674996.htm
CMN-SI-1877 - Appartement à vendre à Bourgogne Est,1050000,"Appartements dans Casablanca, Bourgogne",76 m²,2 chambres,1 sdb,https://www.avito.ma/fr/bourgogne/appartements/CMN_SI_1877___Appartement_%C3%A0_vendre_%C3%A0_Bourgogne_Est_57328148.htm
Appart lux 188m2 de 3ch 3sb à Gueliz,3100000,"Appartements dans Marrakech, Guéliz",,2 chambres,3 sdbs,https://www.avito.ma/fr/gu%C3%A9liz/appartements/Appart_lux_188m2_de_3ch_3sb_%C3%A0_Gueliz_56902202.htm
Appart 76m2 près Mc Do et Marjane allal fassi,980000,"Appartements dans Marrakech, Allal El Fassi",,2 chambres,1 sdb,https://www.avito.ma/fr/allal_el_fassi/appartements/Appart_76m2_pr%C3%A8s_Mc_Do_et_Marjane_allal_fassi_55820537.htm
Appart 78m2 avec terrasse en haut près Atacadao,750000,"Appartements dans Marrakech, Route de Fès",,2 chambres,1 sdb,https://www.avito.ma/fr/route_de_f%C3%A8s/appartements/Appart_78m2_avec_terrasse_en_haut_pr%C3%A8s_Atacadao_57427077.htm
CMN-MA-2470 - Appartement à vendre à Les Hôpitaux,1450000,"Appartements dans Casablanca, Quartier des Hôpitaux",117 m²,3 chambres,1 sdb,https://www.avito.ma/fr/quartier_des_h%C3%B4pitaux/appartements/CMN_MA_2470___Appartement_%C3%A0_vendre_%C3%A0_Les_H%C3%B4pitaux_57340348.htm
Appartement à vendre 69 m² à Casablanca,440000,"Appartements dans Casablanca, Aïn Borja",69 m²,3 chambres,1 sdb,https://www.avito.ma/fr/a%C3%AFn_borja/appartements/Appartement_%C3%A0_vendre_69_m%C2%B2_%C3%A0_Casablanca_38635452.htm
"Appartement rénové proche gare, plage et zoo",600000,"Appartements dans Casablanca, Ain Sebaa",67 m²,2 chambres,1 sdb,https://www.avito.ma/fr/ain_sebaa/appartements/Appartement_r%C3%A9nov%C3%A9_proche_gare__plage_et_zoo_57778622.htm
Duplex meublé au centre gueliz pour investissement,850000,"Appartements dans Marrakech, Guéliz",53 m²,1 chambre,1 sdb,https://www.avito.ma/fr/gu%C3%A9liz/appartements/Duplex_meubl%C3%A9_au_centre_gueliz_pour_investissement_57780457.htm
Appartement à vendre 110 m² à Casablanca,1700000,"Appartements dans Casablanca, 2 Mars",110 m²,3 chambres,2 sdbs,https://www.avito.ma/fr/2_mars/appartements/Appartement_%C3%A0_vendre_110_m%C2%B2_%C3%A0_Casablanca_57775489.htm
Appartement 2 ch à vendre vue sur mer,2900000,"Appartements dans Tanger, Malabata",82 m²,2 chambres,1 sdb,https://www.avito.ma/fr/malabata/appartements/Appartement_2_ch_%C3%A0_vendre_vue_sur_mer_57080322.htm
Appartement à vendre 61 m² à Marrakech,1530000,"Appartements dans Marrakech, Guéliz",61 m²,1 chambre,1 sdb,https://www.avito.ma/fr/gu%C3%A9liz/appartements/Appartement_%C3%A0_vendre_61_m%C2%B2_%C3%A0_Marrakech_57656693.htm
appartement à vendre,1200000,"Appartements dans Tanger, Aida",97 m²,3 chambres,2 sdbs,https://www.avito.ma/fr/aida/appartements/appartement_%C3%A0_vendre_57758453.htm
Appart. Haut stand. 78m2 Lot Al baraka Californie,900000,"Appartements dans Casablanca, Californie",,2 chambres,2 sdbs,https://www.avito.ma/fr/californie/appartements/Appart__Haut_stand__78m2_Lot_Al_baraka_Californie_56257640.htm
Appartement à vendre 88 m² à Mohammedia,980000,"Appartements dans Mohammedia, Corniche",96 m²,3 chambres,2 sdbs,https://www.avito.ma/fr/corniche/appartements/Appartement_%C3%A0_vendre_88_m%C2%B2_%C3%A0_Mohammedia_57837850.htm
VENTE DIRECTE SUPERBES APPARTEMENTS,860000,"Appartements dans Casablanca, Hay Hassani",78 m²,2 chambres,2 sdbs,https://www.avito.ma/fr/hay_hassani/appartements/VENTE_DIRECTE_SUPERBES_APPARTEMENTS_57279893.htm
Appartement à vendre riad Oulfa,430000,"Appartements dans Casablanca, Oulfa",,2 chambres,1 sdb,https://www.avito.ma/fr/oulfa/appartements/Appartement_%C3%A0_vendre_riad_Oulfa_54906629.htm
Appartement à vendre 104m² Amanar à Agadir,1456000,"Appartements dans Agadir, Centre Ville",104 m²,3 chambres,1 sdb,https://www.avito.ma/fr/centre_ville/appartements/Appartement_%C3%A0_vendre_104m%C2%B2_Amanar_%C3%A0_Agadir_56449553.htm
Appartement meublé à vendre azzouzia bon état,550000,"Appartements dans Marrakech, Azzouzia",,2 chambres,1 sdb,https://www.avito.ma/fr/azzouzia/appartements/Appartement_meubl%C3%A9_%C3%A0_vendre_azzouzia_bon_%C3%A9tat_57530728.htm
Appartement à vendre rue Royal Army,1500000,"Appartements dans Tétouan, Centre ville",150 m²,3 chambres,2 sdbs,https://www.avito.ma/fr/centre_ville/appartements/Appartement_%C3%A0_vendre_rue_Royal_Army_55897749.htm
"Appartement 74 m², ascenseur, syndic, déclaration totale",555000,"Appartements dans Tanger, Tanja Balia",74 m²,2 chambres,1 sdb,https://www.avito.ma/fr/tanja_balia/appartements/Appartement_74_m%C2%B2__ascenseur__syndic__d%C3%A9claration_totale_57837840.htm
Grand Appartement Mhamid Avenue Nakhil,820000,"Appartements dans Marrakech, M'Hamid",126 m²,2 chambres,2 sdbs,https://www.avito.ma/fr/m_hamid/appartements/Grand_Appartement_Mhamid_Avenue_Nakhil_57161563.htm
Appartement haut standing 138 m2 Al Maz,1650000,"Appartements dans Casablanca, Almaz",,4 chambres,3 sdbs,https://www.avito.ma/fr/almaz/appartements/Appartement_haut_standing_138_m2_Al_Maz_57600486.htm
Appartement à vendre 88 m² à Dar Bouazza,1200000,"Appartements dans Dar Bouazza, Toute la ville",appartement à vendre 88 m² à dar bouazza,2 chambres,2 sdbs,https://www.avito.ma/fr/dar_bouazza/appartements/Appartement_%C3%A0_vendre_88_m%C2%B2_%C3%A0_Dar_Bouazza_57569111.htm
Appartement avec jacuzzi à vendre à Prestigia,2300000,"Appartements dans Marrakech, Autre secteur",,2 chambres,2 sdbs,https://www.avito.ma/fr/autre_secteur/appartements/Appartement_avec_jacuzzi_%C3%A0_vendre_%C3%A0_Prestigia_57660982.htm
Appartement à vendre 54 m² à Casablanca,500000,"Appartements dans Casablanca, Oulfa",appartement à vendre 54 m² à casablanca,2 chambres,1 sdb,https://www.avito.ma/fr/oulfa/appartements/Appartement_%C3%A0_vendre_54_m%C2%B2_%C3%A0_Casablanca_54903537.htm
Appart.H.ST 87m2 Hay.chrifa près Bd qods,1000000,"Appartements dans Casablanca, Hay Chrifa",,3 chambres,2 sdbs,https://www.avito.ma/fr/hay_chrifa/appartements/Appart_H_ST_87m2_Hay_chrifa_pr%C3%A8s_Bd_qods_56164330.htm
Appartement vue mer Anza Miftah Sahil meublé,1200000,"Appartements dans Agadir, Anza",60 m²,1 chambre,1 sdb,https://www.avito.ma/fr/anza/appartements/Appartement_vue_mer_Anza_Miftah_Sahil_meubl%C3%A9_57729148.htm
CMN-SI-1879 - Appartement à vendre à Ziraoui,3480000,"Appartements dans Casablanca, Bourgogne",260 m²,3 chambres,2 sdbs,https://www.avito.ma/fr/bourgogne/appartements/CMN_SI_1879___Appartement_%C3%A0_vendre_%C3%A0_Ziraoui_57331613.htm
Appartement à vendre 129 m² à Casablanca,1700000,"Appartements dans Casablanca, Almaz",146 m²,3 chambres,3 sdbs,https://www.avito.ma/fr/almaz/appartements/Appartement_%C3%A0_vendre_129_m%C2%B2_%C3%A0_Casablanca_57503328.htm
Appartement à vendre 73m² La Perle Bleue à Dakhla,581625,"Appartements dans Dakhla, Toute la ville",73 m²,3 chambres,1 sdb,https://www.avito.ma/fr/dakhla/appartements/Appartement_%C3%A0_vendre_73m%C2%B2_La_Perle_Bleue_%C3%A0_Dakhla_56420853.htm
Appartement meublé 76 m ascenseur syndic sur la rue,798000,"Appartements dans Tanger, Tanja Balia",76 m²,2 chambres,1 sdb,https://www.avito.ma/fr/tanja_balia/appartements/Appartement_meubl%C3%A9_76_m_ascenseur_syndic_sur_la_rue_57837828.htm
Appartement à vendre 50 m² à Marrakech,1200000,"Appartements dans Marrakech, Victor Hugo",appartement à vendre 50 m² à marrakech,1 chambre,1 sdb,https://www.avito.ma/fr/victor_hugo/appartements/Appartement_%C3%A0_vendre_50_m%C2%B2_%C3%A0_Marrakech_57584074.htm
Appartement à vendre 123 m² à Casablanca,1780000,"Appartements dans Casablanca, Abdelmoumen",123 m²,3 chambres,2 sdbs,https://www.avito.ma/fr/abdelmoumen/appartements/Appartement_%C3%A0_vendre_123_m%C2%B2_%C3%A0_Casablanca_55242385.htm
"Appartement avec terrasse 118 m², ascenseur, syndic, 3 minutes de la gare",800000,"Appartements dans Tanger, Tanja Balia",118 m²,2 chambres,1 sdb,https://www.avito.ma/fr/tanja_balia/appartements/Appartement_avec_terrasse_118_m%C2%B2__ascenseur__syndic__3_minutes_de_la_gare_57837794.htm
"Appartement à vendre au quatrième étage, excellent emplacement",395000,"Appartements dans Bouznika, Autre secteur",56 m²,2 chambres,1 sdb,https://www.avito.ma/fr/autre_secteur/appartements/Appartement_%C3%A0_vendre_au_quatri%C3%A8me_%C3%A9tage__excellent_emplacement_57210053.htm
Appartement 4 pièces 2 salles de bain ascenseur syndic sur la rue,1070000,"Appartements dans Tanger, Tanja Balia",102 m²,4 chambres,2 sdbs,https://www.avito.ma/fr/tanja_balia/appartements/Appartement_4_pi%C3%A8ces_2_salles_de_bain_ascenseur_syndic_sur_la_rue_57837786.htm
Appartement à vendre105m²Les Jardins de la Coupole,1369592,"Appartements dans Agadir, Av Mokawama",105 m²,4 chambres,1 sdb,https://www.avito.ma/fr/av_mokawama/appartements/Appartement_%C3%A0_vendre105m%C2%B2Les_Jardins_de_la_Coupole_56420860.htm
Appartement Massira 1 Ahbass 4ème étage,780000,"Appartements dans Marrakech, Massira 1",113 m²,2 chambres,1 sdb,https://www.avito.ma/fr/massira_1/appartements/Appartement_Massira_1_Ahbass_4%C3%A8me_%C3%A9tage_57648339.htm
Appartement 2 terrasses 196 m ascenseur syndic déclaration totale,1020000,"Appartements dans Tanger, Tanja Balia",196 m²,2 chambres,1 sdb,https://www.avito.ma/fr/tanja_balia/appartements/Appartement_2_terrasses_196_m_ascenseur_syndic_d%C3%A9claration_totale_57837777.htm
Appartement à vendre 165 m² à Casablanca,3500000,"Appartements dans Casablanca, Racine",176 m²,3 chambres,3 sdbs,https://www.avito.ma/fr/racine/appartements/Appartement_%C3%A0_vendre_165_m%C2%B2_%C3%A0_Casablanca_57627551.htm
Appartement à vendre 95 m² à Marrakech,1350000,"Appartements dans Marrakech, Route de Safi",95 m²,2 chambres,1 sdb,https://www.avito.ma/fr/route_de_safi/appartements/Appartement_%C3%A0_vendre_95_m%C2%B2_%C3%A0_Marrakech_57746811.htm
Appartement 140m² à Vendre -Quartier Administratif,1700000,"Appartements dans Tanger, Administratif",appartement 140m² à vendre -quartier administratif,3 chambres,1 sdb,https://www.avito.ma/fr/administratif/appartements/Appartement_140m%C2%B2_%C3%A0_Vendre__Quartier_Administratif_57569778.htm
Appartement à vendre 95 m² à Marrakech palmeraie,1500000,"Appartements dans Marrakech, Palmeraie",95 m²,2 chambres,2 sdbs,https://www.avito.ma/fr/palmeraie/appartements/Appartement_%C3%A0_vendre_95_m%C2%B2_%C3%A0_Marrakech_palmeraie_57216492.htm
Appartement Ensoleillé à vendre 50 m² à Tamensourt,295000,"Appartements dans Tamensourt, Toute la ville",50 m²,1 chambre,1 sdb,https://www.avito.ma/fr/tamensourt/appartements/Appartement_Ensoleill%C3%A9_%C3%A0_vendre_50_m%C2%B2_%C3%A0_Tamensourt_57744621.htm
CMN-MA-1866 - Appartement à vendre à Les princesses,1330000,"Appartements dans Casablanca, Les Princesses",106 m²,2 chambres,1 sdb,https://www.avito.ma/fr/les_princesses/appartements/CMN_MA_1866___Appartement_%C3%A0_vendre_%C3%A0_Les_princesses_55872150.htm
Appartement de 110 m² à vendre à Castilla – Tanger,1150000,"Appartements dans Tanger, Castilla",appartement de 110 m² à vendre à castilla – tanger,2 chambres,1 sdb,https://www.avito.ma/fr/castilla/appartements/Appartement_de_110_m%C2%B2_%C3%A0_vendre_%C3%A0_Castilla___Tanger_57671885.htm
Studio vue piscine à vendre 51 m² à Marrakech,1150000,"Appartements dans Marrakech, Hivernage",51 m²,1 chambre,1 sdb,https://www.avito.ma/fr/hivernage/appartements/Studio_vue_piscine_%C3%A0_vendre_51_m%C2%B2_%C3%A0_Marrakech_57774591.htm
Superbe Appartement à vendre 75 m² à Marrakech,1050000,"Appartements dans Marrakech, Hay Izdihar",75 m²,2 chambres,2 sdbs,https://www.avito.ma/fr/hay_izdihar/appartements/Superbe_Appartement_%C3%A0_vendre_75_m%C2%B2_%C3%A0_Marrakech_57790073.htm
Studio à vendre 33m² à Palmier,970000,"Appartements dans Casablanca, Palmier",studio à vendre 33m² à palmier,1 chambre,1 sdb,https://www.avito.ma/fr/palmier/appartements/Studio_%C3%A0_vendre_33m%C2%B2_%C3%A0_Palmier_57737757.htm
Superbe studio 56 m² à saisir à Marrakech,1064000,"Appartements dans Marrakech, Guéliz",56 m²,1 chambre,1 sdb,https://www.avito.ma/fr/gu%C3%A9liz/appartements/Superbe_studio_56_m%C2%B2_%C3%A0_saisir_%C3%A0_Marrakech_57765868.htm
Appartement 3 chambres à Oued Aliane - 2 façades,900000,"Appartements dans Ksar es-Seghir, Toute la ville",,3 chambres,1 sdb,https://www.avito.ma/fr/ksar_es_seghir/appartements/Appartement_3_chambres_%C3%A0_Oued_Aliane___2_fa%C3%A7ades_57545962.htm
Appartement à vendre 136 m² à Marrakech,1500000,"Appartements dans Marrakech, Victor Hugo",appartement à vendre 136 m² à marrakech,3 chambres,2 sdbs,https://www.avito.ma/fr/victor_hugo/appartements/Appartement_%C3%A0_vendre_136_m%C2%B2_%C3%A0_Marrakech_57568134.htm
Appartement neuf et moderne sur la corniche,1700000,"Appartements dans Tanger, Malabata",100 m²,2 chambres,2 sdbs,https://www.avito.ma/fr/malabata/appartements/Appartement_neuf_et_moderne_sur_la_corniche_57703995.htm
Appartement à vendre 76 m² à Marrakech,1500000,"Appartements dans Marrakech, Victor Hugo",76 m²,2 chambres,2 sdbs,https://www.avito.ma/fr/victor_hugo/appartements/Appartement_%C3%A0_vendre_76_m%C2%B2_%C3%A0_Marrakech_57647629.htm
Spacieux Appartement 2 Chambres à la Vente Guéliz,2350000,"Appartements dans Marrakech, Guéliz",110 m²,2 chambres,2 sdbs,https://www.avito.ma/fr/gu%C3%A9liz/appartements/Spacieux_Appartement_2_Chambres_%C3%A0_la_Vente_Gu%C3%A9liz_57648625.htm
Appartement excellent 64 mètres avec soutien financier,520000,"Appartements dans Marrakech, Autre secteur",64 m²,2 chambres,1 sdb,https://www.avito.ma/fr/autre_secteur/appartements/Appartement_excellent_64_m%C3%A8tres_avec_soutien_financier_56250121.htm
Appartement à vendre 126 m² à ain ktiouit Tanger,2100000,"Appartements dans Tanger, Iberie",appartement à vendre 126 m² à ain ktiouit tanger,3 chambres,1 sdb,https://www.avito.ma/fr/iberie/appartements/Appartement_%C3%A0_vendre_126_m%C2%B2_%C3%A0_ain_ktiouit_Tanger_56898210.htm
CMN-AC-2017 - Appartement à vendre à Californie,1690000,"Appartements dans Casablanca, Californie",144 m²,2 chambres,2 sdbs,https://www.avito.ma/fr/californie/appartements/CMN_AC_2017___Appartement_%C3%A0_vendre_%C3%A0_Californie_57245074.htm
Bel appartement en vente bd 2 mars,1930000,"Appartements dans Casablanca, 2 Mars",129 m²,3 chambres,2 sdbs,https://www.avito.ma/fr/2_mars/appartements/Bel_appartement_en_vente_bd_2_mars_55936018.htm
A vendre appartement de 78 m2 avec balcon,800000,"Appartements dans Marrakech, Av Abdelkrim El Khattabi",,2 chambres,1 sdb,https://www.avito.ma/fr/av_abdelkrim_el_khattabi/appartements/A_vendre_appartement_de_78_m2_avec_balcon_57832461.htm
Studio de 59m² à vendre à Ain Sebaa,620000,"Appartements dans Casablanca, Ain Sebaa",59 m²,1 chambre,1 sdb,https://www.avito.ma/fr/ain_sebaa/appartements/Studio_de_59m%C2%B2_%C3%A0_vendre_%C3%A0_Ain_Sebaa_56512484.htm
Duplex vue piscine et mer Taghazout Bay Taourt,3800000,"Appartements dans Agadir, Tamraght",,2 chambres,1 sdb,https://www.avito.ma/fr/tamraght/appartements/Duplex_vue_piscine_et_mer_Taghazout_Bay_Taourt_57541355.htm
Appartement à vendre 100 m² à Essaouira,1300000,"Appartements dans Essaouira, Toute la ville",100 m²,2 chambres,1 sdb,https://www.avito.ma/fr/essaouira/appartements/Appartement_%C3%A0_vendre_100_m%C2%B2_%C3%A0_Essaouira_57768262.htm
Très beau 3ch au Maarif Extension,2150000,"Appartements dans Casablanca, Maârif Extension",146 m²,3 chambres,3 sdbs,https://www.avito.ma/fr/ma%C3%A2rif_extension/appartements/Tr%C3%A8s_beau_3ch_au_Maarif_Extension_57837638.htm
CMN-SI-1881 - Appartement à vendre à Bourgogne Est,1800000,"Appartements dans Casablanca, Bourgogne",103 m²,3 chambres,2 sdbs,https://www.avito.ma/fr/bourgogne/appartements/CMN_SI_1881___Appartement_%C3%A0_vendre_%C3%A0_Bourgogne_Est_57341638.htm
BEN-MA-1118 - Appartement à vendre à Mansouria-B...,1200000,"Appartements dans Benslimane, Autre secteur",98 m²,2 chambres,1 sdb,https://www.avito.ma/fr/autre_secteur/appartements/BEN_MA_1118___Appartement_%C3%A0_vendre_%C3%A0_Mansouria_B____57276565.htm
"Opportunité rare à Izdihar, Appartement à vendre",870000,"Appartements dans Marrakech, Hay Izdihar",64 m²,2 chambres,1 sdb,https://www.avito.ma/fr/hay_izdihar/appartements/Opportunit%C3%A9_rare_%C3%A0_Izdihar__Appartement_%C3%A0_vendre_57837649.htm
Appartement en vente ain borja,850000,"Appartements dans Casablanca, Aïn Borja",81 m²,2 chambres,2 sdbs,https://www.avito.ma/fr/a%C3%AFn_borja/appartements/Appartement_en_vente_ain_borja_50678435.htm
Appartement 2 chambres à vendre - Sbata Ben M'sik,560000,"Appartements dans Casablanca, Ben M'sick",53 m²,2 chambres,1 sdb,https://www.avito.ma/fr/ben_m_sick/appartements/Appartement_2_chambres_%C3%A0_vendre___Sbata_Ben_M_sik_57768245.htm
Appartement à vendre 52 m² à Casablanca,420000,"Appartements dans Casablanca, Ain Sebaa",52 m²,2 chambres,1 sdb,https://www.avito.ma/fr/ain_sebaa/appartements/Appartement_%C3%A0_vendre_52_m%C2%B2_%C3%A0_Casablanca_56849909.htm
Appartement neuf enregistré conservé Médina Errahma,570000,"Appartements dans Casablanca, Errahma",75 m²,3 chambres,2 sdbs,https://www.avito.ma/fr/errahma/appartements/Appartement_neuf_enregistr%C3%A9_conserv%C3%A9_M%C3%A9dina_Errahma_50961295.htm
Appartement de luxe à vendre à Marina golf Asilah,1800000,"Appartements dans Asilah, Toute la ville",113 m²,3 chambres,2 sdbs,https://www.avito.ma/fr/asilah/appartements/Appartement_de_luxe_%C3%A0_vendre_%C3%A0_Marina_golf_Asilah_57837614.htm
Appartement Mers Sultan 139 m² à Casablanca,1750000,"Appartements dans Casablanca, Mers Sultan",139 m²,2 chambres,2 sdbs,https://www.avito.ma/fr/mers_sultan/appartements/Appartement_Mers_Sultan_139_m%C2%B2_%C3%A0_Casablanca_56434189.htm
Appartement à Vendre 120 m² à Casablanca/A,2500000,"Appartements dans Casablanca, Anfa",120 m²,3 chambres,3 sdbs,https://www.avito.ma/fr/anfa/appartements/Appartement_%C3%A0_Vendre_120_m%C2%B2_%C3%A0_Casablanca_A_57837626.htm
beau duplex en vente ain borja,850000,"Appartements dans Casablanca, Aïn Chock",85 m²,2 chambres,1 sdb,https://www.avito.ma/fr/a%C3%AFn_chock/appartements/beau_duplex_en_vente_ain_borja_57467935.htm
CMN-HA-1848 - Appartement à vendre à Lissasfa,930000,"Appartements dans Casablanca, Lissasfa",103 m²,3 chambres,1 sdb,https://www.avito.ma/fr/lissasfa/appartements/CMN_HA_1848___Appartement_%C3%A0_vendre_%C3%A0_Lissasfa_57291337.htm
Grand appartement à vendre à Hay Riad,4700000,"Appartements dans Rabat, Hay Riad",,3 chambres,2 sdbs,https://www.avito.ma/fr/hay_riad/appartements/Grand_appartement_%C3%A0_vendre_%C3%A0_Hay_Riad_57773567.htm
Bel appartement en vente al fida,660000,"Appartements dans Casablanca, Al Fida",66 m²,2 chambres,1 sdb,https://www.avito.ma/fr/al_fida/appartements/Bel_appartement_en_vente_al_fida_55715816.htm
Appartement à vendre 68 m² au maarif,1280000,"Appartements dans Casablanca, Maarif",68 m²,2 chambres,1 sdb,https://www.avito.ma/fr/maarif/appartements/Appartement_%C3%A0_vendre_68_m%C2%B2_au_maarif_56499615.htm
bel appartement en vente ain borja,693500,"Appartements dans Casablanca, Aïn Borja",79 m²,3 chambres,1 sdb,https://www.avito.ma/fr/a%C3%AFn_borja/appartements/bel_appartement_en_vente_ain_borja_53581921.htm
Appartement à vendre 90 m² centre ville Fès,450000,"Appartements dans Fès, Centre",appartement à vendre 90 m² centre ville fès,2 chambres,1 sdb,https://www.avito.ma/fr/centre/appartements/Appartement_%C3%A0_vendre_90_m%C2%B2_centre_ville_F%C3%A8s_56433490.htm
Appartement à vendre 59 m² à Ain Sebaa,708000,"Appartements dans Casablanca, Ain Sebaa",59 m²,2 chambres,2 sdbs,https://www.avito.ma/fr/ain_sebaa/appartements/Appartement_%C3%A0_vendre_59_m%C2%B2_%C3%A0_Ain_Sebaa_57634725.htm
Bel appartement vente belvedere,970000,"Appartements dans Casablanca, Belvédère",109 m²,3 chambres,2 sdbs,https://www.avito.ma/fr/belv%C3%A9d%C3%A8re/appartements/Bel_appartement_vente_belvedere_51013634.htm
Bel appartement vente quartier des hôpitaux,1200000,"Appartements dans Casablanca, Quartier des Hôpitaux",92 m²,2 chambres,2 sdbs,https://www.avito.ma/fr/quartier_des_h%C3%B4pitaux/appartements/Bel_appartement_vente_quartier_des_h%C3%B4pitaux_48561359.htm
A vendre un joli appartement de 3 chambres,2450000,"Appartements dans Casablanca, Racine",132 m²,3 chambres,3 sdbs,https://www.avito.ma/fr/racine/appartements/A_vendre_un_joli_appartement_de_3_chambres_57415416.htm
Appartement de Luxe 270 m²–Hay Riad Rabat,8000000,"Appartements dans Rabat, Hay Riad",270 m²,3 chambres,4 sdbs,https://www.avito.ma/fr/hay_riad/appartements/Appartement_de_Luxe_270_m%C2%B2_Hay_Riad_Rabat_57801889.htm
Appartement à vendre à Sonaba,2200000,"Appartements dans Agadir, Founty",,3 chambres,2 sdbs,https://www.avito.ma/fr/founty/appartements/Appartement_%C3%A0_vendre_%C3%A0_Sonaba_57486945.htm
Grand bel appartement en vente Casablanca,1690000,"Appartements dans Casablanca, Centre Ville",189 m²,3 chambres,2 sdbs,https://www.avito.ma/fr/centre_ville/appartements/Grand_bel_appartement_en_vente_Casablanca_56540709.htm
Bel appartement de 73m² à Ain Sebaa,817600,"Appartements dans Casablanca, Oulfa",73 m²,3 chambres,2 sdbs,https://www.avito.ma/fr/oulfa/appartements/Bel_appartement_de_73m%C2%B2_%C3%A0_Ain_Sebaa_54211100.htm
CMN-AC-1971 - Appartement à vendre à Sidi Maarouf,770000,"Appartements dans Casablanca, Sidi Maarouf",72 m²,2 chambres,1 sdb,https://www.avito.ma/fr/sidi_maarouf/appartements/CMN_AC_1971___Appartement_%C3%A0_vendre_%C3%A0_Sidi_Maarouf_57245006.htm
Appartement 110 m² à Casablanca,530000,"Appartements dans Casablanca, Sidi Bernoussi",110 m²,3 chambres,2 sdbs,https://www.avito.ma/fr/sidi_bernoussi/appartements/Appartement_110_m%C2%B2_%C3%A0_Casablanca_54645618.htm
Appartement à vendre de 78 m2 avec balcon,800000,"Appartements dans Marrakech, Allal El Fassi",,2 chambres,1 sdb,https://www.avito.ma/fr/allal_el_fassi/appartements/Appartement_%C3%A0_vendre_de_78_m2_avec_balcon_57832555.htm
CMN-MA-2404 - Appartement à vendre à Les princesses,2400000,"Appartements dans Casablanca, Les Princesses",121 m²,3 chambres,2 sdbs,https://www.avito.ma/fr/les_princesses/appartements/CMN_MA_2404___Appartement_%C3%A0_vendre_%C3%A0_Les_princesses_57234386.htm
CMN-HA-1920 - Appartement à vendre à Oulfa,1092000,"Appartements dans Casablanca, Oulfa",78 m²,2 chambres,2 sdbs,https://www.avito.ma/fr/oulfa/appartements/CMN_HA_1920___Appartement_%C3%A0_vendre_%C3%A0_Oulfa_57324742.htm
bel appartement en vente 3 chambres 1 salon,950000,"Appartements dans Casablanca, Aïn Borja",112 m²,3 chambres,1 sdb,https://www.avito.ma/fr/a%C3%AFn_borja/appartements/bel_appartement_en_vente_3_chambres_1_salon_49517461.htm
Grand appartement en vente à Ain Borja,1600000,"Appartements dans Casablanca, Aïn Borja",225 m²,4 chambres,2 sdbs,https://www.avito.ma/fr/a%C3%AFn_borja/appartements/Grand_appartement_en_vente_%C3%A0_Ain_Borja_57043473.htm
CMN-MA-1139 - Appartement à vendre à Val Fleurie,1800000,"Appartements dans Casablanca, Val Fleuri",129 m²,2 chambres,2 sdbs,https://www.avito.ma/fr/val_fleuri/appartements/CMN_MA_1139___Appartement_%C3%A0_vendre_%C3%A0_Val_Fleurie_57319442.htm
Grand appartement en vente Ain Borja,970000,"Appartements dans Casablanca, Aïn Borja",148 m²,3 chambres,2 sdbs,https://www.avito.ma/fr/a%C3%AFn_borja/appartements/Grand_appartement_en_vente_Ain_Borja_57439726.htm
Beau studio en vente bd Anfa,1200000,"Appartements dans Casablanca, Anfa",50 m²,1 chambre,1 sdb,https://www.avito.ma/fr/anfa/appartements/Beau_studio_en_vente_bd_Anfa_57367130.htm
Bel appartement à vendre près du quartier Al Qods Bernoussi,670000,"Appartements dans Casablanca, Sidi Bernoussi",87 m²,2 chambres,2 sdbs,https://www.avito.ma/fr/sidi_bernoussi/appartements/Bel_appartement_%C3%A0_vendre_pr%C3%A8s_du_quartier_Al_Qods_Bernoussi_57001375.htm
BIENVENUE À ALESIA,1300000,"Appartements dans Casablanca, Centre Ville",,1 chambre,1 sdb,https://www.avito.ma/fr/centre_ville/appartements/BIENVENUE_%C3%80_ALESIA_57719904.htm
RBA-YA-1053 - Appartement à vendre à Hay El Menzah,2100000,"Appartements dans Rabat, Autre secteur",150 m²,3 chambres,2 sdbs,https://www.avito.ma/fr/autre_secteur/appartements/RBA_YA_1053___Appartement_%C3%A0_vendre_%C3%A0_Hay_El_Menzah_56835389.htm
CMN-ME-1691 - Appartement à vendre à 2 Mars,2100000,"Appartements dans Casablanca, 2 Mars",156 m²,3 chambres,2 sdbs,https://www.avito.ma/fr/2_mars/appartements/CMN_ME_1691___Appartement_%C3%A0_vendre_%C3%A0_2_Mars_57340227.htm
BEN-MA-1119 - Appartement à vendre à Mansouria-B...,1640000,"Appartements dans Benslimane, Autre secteur",109 m²,2 chambres,2 sdbs,https://www.avito.ma/fr/autre_secteur/appartements/BEN_MA_1119___Appartement_%C3%A0_vendre_%C3%A0_Mansouria_B____57356776.htm
Complexe Al Nour Tanger,940000,"Appartements dans Tanger, Autre secteur",86 m²,3 chambres,1 sdb,https://www.avito.ma/fr/autre_secteur/appartements/Complexe_Al_Nour_Tanger_57837534.htm
Très bel appartement 3Ch pieds sans l'eau,2390000,"Appartements dans Dar Bouazza, Toute la ville",144 m²,3 chambres,2 sdbs,https://www.avito.ma/fr/dar_bouazza/appartements/Tr%C3%A8s_bel_appartement_3Ch_pieds_sans_l_eau_57837526.htm
Appartement à vendre 100 m² à Tanger,1700000,"Appartements dans Tanger, Centre ville",100 m²,2 chambres,2 sdbs,https://www.avito.ma/fr/centre_ville/appartements/Appartement_%C3%A0_vendre_100_m%C2%B2_%C3%A0_Tanger_57837515.htm
Appartement à vendre à Ahla,150000,"Appartements dans Tanger, Marjane",133 m²,3 chambres,1 sdb,https://www.avito.ma/fr/marjane/appartements/Appartement_%C3%A0_vendre_%C3%A0_Ahla_57837513.htm
Appartement ensoleillé et spacieux,350000,"Appartements dans Casablanca, Sidi Bernoussi",,2 chambres,2 sdbs,https://www.avito.ma/fr/sidi_bernoussi/appartements/Appartement_ensoleill%C3%A9_et_spacieux_57837509.htm
Appartement trois chambres salon,550000,"Appartements dans Marrakech, Mabrouka",64 m²,3 chambres,2 sdbs,https://www.avito.ma/fr/mabrouka/appartements/Appartement_trois_chambres_salon_57774663.htm
Appart à vendre 76 m² (Rez Chaussée) à Bouznika,530000,"Appartements dans Bouznika, Autre secteur",76 m²,2 chambres,1 sdb,https://www.avito.ma/fr/autre_secteur/appartements/Appart_%C3%A0_vendre_76_m%C2%B2__Rez_Chauss%C3%A9e__%C3%A0_Bouznika_56732656.htm
Appart à vendre 72 m² Izdihar Marrakech,940000,"Appartements dans Marrakech, Hay Izdihar",72 m²,2 chambres,1 sdb,https://www.avito.ma/fr/hay_izdihar/appartements/Appart_%C3%A0_vendre_72_m%C2%B2_Izdihar_Marrakech_57485474.htm
Excellent Appartements à vendre,950000,"Appartements dans Temara, Autre secteur",115 m²,3 chambres,2 sdbs,https://www.avito.ma/fr/autre_secteur/appartements/Excellent_Appartements_%C3%A0_vendre_56843700.htm
À vendre studio avec terrasse,990000,"Appartements dans Marrakech, Guéliz",35 m²,1 chambre,1 sdb,https://www.avito.ma/fr/gu%C3%A9liz/appartements/%C3%80_vendre_studio_avec_terrasse_57778597.htm
Appartement à vendre 67 m² à Asilah,900000,"Appartements dans Asilah, Toute la ville",67 m²,2 chambres,1 sdb,https://www.avito.ma/fr/asilah/appartements/Appartement_%C3%A0_vendre_67_m%C2%B2_%C3%A0_Asilah_56773217.htm
"Appartement excellent à vendre à Haye Militaire, El Bustan, Meknes",360000,"Appartements dans Meknès, El Bassatine",90 m²,2 chambres,2 sdbs,https://www.avito.ma/fr/el_bassatine/appartements/Appartement_excellent_%C3%A0_vendre_%C3%A0_Haye_Militaire__El_Bustan__Meknes_57837458.htm
Appartement à vendre 64 m² à Tanger,720000,"Appartements dans Tanger, Autre secteur",64 m²,2 chambres,1 sdb,https://www.avito.ma/fr/autre_secteur/appartements/Appartement_%C3%A0_vendre_64_m%C2%B2_%C3%A0_Tanger_57801598.htm
TNG-TA-1129 - Appartement à vendre à Msala,1350000,"Appartements dans Tanger, Autre secteur",86 m²,2 chambres,1 sdb,https://www.avito.ma/fr/autre_secteur/appartements/TNG_TA_1129___Appartement_%C3%A0_vendre_%C3%A0_Msala_57618931.htm
Appartement au 4ème étage avec ascenseur à la résidence Jawharat Al Atlas,400000,"Appartements dans Béni Mellal, Toute la ville",84 m²,3 chambres,2 sdbs,https://www.avito.ma/fr/b%C3%A9ni_mellal/appartements/Appartement_au_4%C3%A8me_%C3%A9tage_avec_ascenseur_%C3%A0_la_r%C3%A9sidence_Jawharat_Al_Atlas_57370619.htm
Appartement à vendre 174m2 à Mers Sultan,440000,"Appartements dans Casablanca, Mers Sultan",174 m²,3 chambres,2 sdbs,https://www.avito.ma/fr/mers_sultan/appartements/Appartement_%C3%A0_vendre_174m2_%C3%A0_Mers_Sultan_57145224.htm
Investissement rentable à 5 min de Gueliz.,1350000,"Appartements dans Marrakech, Route de Casablanca",84 m²,2 chambres,2 sdbs,https://www.avito.ma/fr/route_de_casablanca/appartements/Investissement_rentable_%C3%A0_5_min__de_Gueliz____57837393.htm
Appartement à vendre à Azib Haj Kaddour,750000,"Appartements dans Tanger, Marjane",64 m²,2 chambres,1 sdb,https://www.avito.ma/fr/marjane/appartements/Appartement_%C3%A0_vendre_%C3%A0_Azib_Haj_Kaddour_57837387.htm
Appartement 67 m² à BOUSKOURA prix imbattable,690000,"Appartements dans Casablanca, Autre secteur",67 m²,2 chambres,1 sdb,https://www.avito.ma/fr/autre_secteur/appartements/Appartement_67_m%C2%B2_%C3%A0_BOUSKOURA_prix_imbattable_57595128.htm
Superbe Appartement à vendre 75 m² à Marrakech,1050000,"Appartements dans Marrakech, Hay Izdihar",75 m²,2 chambres,2 sdbs,https://www.avito.ma/fr/hay_izdihar/appartements/Superbe_Appartement_%C3%A0_vendre_75_m%C2%B2_%C3%A0_Marrakech_57790073.htm
APPART 91m 2FACES vue piscine à MARBELLA BEACH,1030000,"Appartements dans Mohammedia, Autre secteur",91 m²,2 chambres,2 sdbs,https://www.avito.ma/fr/autre_secteur/appartements/APPART_91m_2FACES_vue_piscine_%C3%A0_MARBELLA_BEACH_57747136.htm
Appartement à vendre 120 m² à Guich des Oudayas,1700000,"Appartements dans Rabat, Guich Oudaya",appartement à vendre 120 m² à guich des oudayas,2 chambres,2 sdbs,https://www.avito.ma/fr/guich_oudaya/appartements/Appartement_%C3%A0_vendre_120_m%C2%B2_%C3%A0_Guich_des_Oudayas_57837383.htm
Diar Alfath Lot 10 Taje 1,430000,"Appartements dans Casablanca, Autre secteur",67 m²,2 chambres,1 sdb,https://www.avito.ma/fr/autre_secteur/appartements/Diar_Alfath_Lot_10_Taje_1_57837381.htm
Appartements à vendre près du café Russie,850000,"Appartements dans Martil, Toute la ville",80 m²,3 chambres,1 sdb,https://www.avito.ma/fr/martil/appartements/Appartements_%C3%A0_vendre_pr%C3%A8s_du_caf%C3%A9_Russie_57739365.htm
Appartements de qualité à vendre,750000,"Appartements dans Temara, Autre secteur",75 m²,2 chambres,1 sdb,https://www.avito.ma/fr/autre_secteur/appartements/Appartements_de_qualit%C3%A9_%C3%A0_vendre_56807420.htm
Appartement à vendre,1450000,"Appartements dans Marrakech, Victor Hugo",74 m²,2 chambres,2 sdbs,https://www.avito.ma/fr/victor_hugo/appartements/Appartement_%C3%A0_vendre_57172033.htm
Appartement de haut standing,1650000,"Appartements dans Tétouan, Safir",147 m²,2 chambres,2 sdbs,https://www.avito.ma/fr/safir/appartements/Appartement_de_haut_standing_57783470.htm
Bel Appartement dans la résidence Jardins Souss,1100000,"Appartements dans Agadir, Hay Mohammadi",96 m²,2 chambres,2 sdbs,https://www.avito.ma/fr/hay_mohammadi/appartements/Bel_Appartement_dans_la_r%C3%A9sidence_Jardins_Souss_57837365.htm
Appartement à vendre 70 m² à Essaouira,720000,"Appartements dans Essaouira, Centre ville",75 m²,2 chambres,1 sdb,https://www.avito.ma/fr/centre_ville/appartements/Appartement_%C3%A0_vendre_70_m%C2%B2_%C3%A0_Essaouira_57768043.htm
Appartement sur R plus 2,930000,"Appartements dans El Jadida, Hay Essalam",80 m²,3 chambres,2 sdbs,https://www.avito.ma/fr/hay_essalam/appartements/Appartement_sur_R_plus_2_55568045.htm
Bel appartement à vendre calme proche de tout,450000,"Appartements dans Meknès, Wislane",115 m²,3 chambres,1 sdb,https://www.avito.ma/fr/wislane/appartements/Bel_appartement_%C3%A0_vendre_calme_proche_de_tout_57460389.htm
Appartements Excellent a vendre,1200000,"Appartements dans Temara, Autre secteur",96 m²,2 chambres,1 sdb,https://www.avito.ma/fr/autre_secteur/appartements/Appartements_Excellent_a_vendre_57006337.htm
Appartement à vendre 99 m² à Casablanca,950000,"Appartements dans Casablanca, Sidi Maarouf",87 m²,3 chambres,2 sdbs,https://www.avito.ma/fr/sidi_maarouf/appartements/Appartement_%C3%A0_vendre_99_m%C2%B2_%C3%A0_Casablanca_56666374.htm
Studio à vendre à Palmier,1250000,"Appartements dans Casablanca, Palmier",,1 chambre,1 sdb,https://www.avito.ma/fr/palmier/appartements/Studio_%C3%A0_vendre_%C3%A0_Palmier_57748665.htm
Appartement à vendre 122m² Casablanca Mers sultan,1366400,"Appartements dans Casablanca, Mers Sultan",appartement à vendre 122m² casablanca mers sultan,3 chambres,1 sdb,https://www.avito.ma/fr/mers_sultan/appartements/Appartement_%C3%A0_vendre_122m%C2%B2_Casablanca_Mers_sultan_56403599.htm
Un appartement,1100000,"Appartements dans Meknès, Hamria",200 m²,3 chambres,2 sdbs,https://www.avito.ma/fr/hamria/appartements/Un_appartement_57792800.htm
Appartement à Al Qods Bernoussi,1150000,"Appartements dans Casablanca, Sidi Bernoussi",98 m²,3 chambres,2 sdbs,https://www.avito.ma/fr/sidi_bernoussi/appartements/Appartement_%C3%A0_Al_Qods_Bernoussi_56314871.htm
Appartement à vendre 64 m² à Casablanca,640000,"Appartements dans Casablanca, Hay Hassani",appartement à vendre 64 m² à casablanca,2 chambres,1 sdb,https://www.avito.ma/fr/hay_hassani/appartements/Appartement_%C3%A0_vendre_64_m%C2%B2_%C3%A0_Casablanca_57837301.htm
Appartement à vendre 51 m² à Casablanca,330000,"Appartements dans Casablanca, Oulfa",appartement à vendre 51 m² à casablanca,2 chambres,1 sdb,https://www.avito.ma/fr/oulfa/appartements/Appartement_%C3%A0_vendre_51_m%C2%B2_%C3%A0_Casablanca_57837293.htm
Bel appartement terrasse à Essaouira,850000,"Appartements dans Essaouira, Centre ville",62 m²,1 chambre,1 sdb,https://www.avito.ma/fr/centre_ville/appartements/Bel_appartement_terrasse_%C3%A0_Essaouira_57277766.htm
Appartements à vendre à Harhoura Valdor,1560000,"Appartements dans Temara, Harhoura",92 m²,2 chambres,1 sdb,https://www.avito.ma/fr/harhoura/appartements/Appartements_%C3%A0_vendre_%C3%A0_Harhoura_Valdor_57004457.htm
Appartement à vendre 50 m² à Casablanca,340000,"Appartements dans Casablanca, Oulfa",appartement à vendre 50 m² à casablanca,2 chambres,1 sdb,https://www.avito.ma/fr/oulfa/appartements/Appartement_%C3%A0_vendre_50_m%C2%B2_%C3%A0_Casablanca_57837289.htm
Appartement à vendre 50 m² à Casablanca,220000,"Appartements dans Casablanca, Errahma",appartement à vendre 50 m² à casablanca,2 chambres,1 sdb,https://www.avito.ma/fr/errahma/appartements/Appartement_%C3%A0_vendre_50_m%C2%B2_%C3%A0_Casablanca_57837285.htm
"Appartement ""Soumi Vini"" dans un quartier chic près de la mosquée et sans intérêt",380000,"Appartements dans Benslimane, Autre secteur",126 m²,3 chambres,1 sdb,https://www.avito.ma/fr/autre_secteur/appartements/Appartement__Soumi_Vini__dans_un_quartier_chic_pr%C3%A8s_de_la_mosqu%C3%A9e_et_sans_int%C3%A9r%C3%AAt_57737989.htm
Triplex de 200m² à 200m avenue ibn badis,1120000,"Appartements dans El Jadida, Autre secteur",203 m²,3 chambres,1 sdb,https://www.avito.ma/fr/autre_secteur/appartements/Triplex_de_200m%C2%B2_%C3%A0_200m_avenue_ibn_badis_57052573.htm
Appartement Mansour Tadamon,840000,"Appartements dans Meknès, Marjane 2",,3 chambres,2 sdbs,https://www.avito.ma/fr/marjane_2/appartements/Appartement_Mansour_Tadamon_57837229.htm
Appartement à vendre 92 m² à boustane El Jadida,660000,"Appartements dans El Jadida, Al Boustane",92 m²,2 chambres,1 sdb,https://www.avito.ma/fr/al_boustane/appartements/Appartement_%C3%A0_vendre_92_m%C2%B2_%C3%A0_boustane_El_Jadida_57179527.htm
Studio de Luxe Meublé à vendre,1100000,"Appartements dans Marrakech, Guéliz",45 m²,1 chambre,1 sdb,https://www.avito.ma/fr/gu%C3%A9liz/appartements/Studio_de_Luxe_Meubl%C3%A9_%C3%A0_vendre_57542020.htm
Appartement spacieux 107 m² 3 chambres,1177000,"Appartements dans Marrakech, Targa",appartement spacieux 107 m² 3 chambres,2 chambres,2 sdbs,https://www.avito.ma/fr/targa/appartements/Appartement_spacieux_107_m%C2%B2_3_chambres_57837171.htm
APPARTEMENT À VENDRE AV HASSAN 2,980000,"Appartements dans Tétouan, Autre secteur",148 m²,4 chambres,2 sdbs,https://www.avito.ma/fr/autre_secteur/appartements/APPARTEMENT_%C3%80_VENDRE_AV_HASSAN_2_57837179.htm
Appartement à vendre,900000,"Appartements dans Salé, Hay Salam",,4 chambres,1 sdb,https://www.avito.ma/fr/hay_salam/appartements/Appartement_%C3%A0_vendre_57837159.htm
Appartement à vendre 171 m² EL MENEZEH,3300000,"Appartements dans Rabat, Souissi",appartement à vendre 171 m² el menezeh,3 chambres,2 sdbs,https://www.avito.ma/fr/souissi/appartements/Appartement_%C3%A0_vendre_171_m%C2%B2_EL_MENEZEH_56796176.htm
Appartement à vendre,1500000,"Appartements dans Marrakech, Targa",98 m²,2 chambres,2 sdbs,https://www.avito.ma/fr/targa/appartements/Appartement_%C3%A0_vendre_56277376.htm
"Superbe appartement à vendre, premier étage, 290 000 dirhams",290000,"Appartements dans Kénitra, Bir Rami",70 m²,2 chambres,2 sdbs,https://www.avito.ma/fr/bir_rami/appartements/Superbe_appartement_%C3%A0_vendre__premier_%C3%A9tage__290_000_dirhams_57778120.htm
Appartement à vendre 75 m² à Essaouira,1000000,"Appartements dans Essaouira, Centre ville",75 m²,3 chambres,2 sdbs,https://www.avito.ma/fr/centre_ville/appartements/Appartement_%C3%A0_vendre_75_m%C2%B2_%C3%A0_Essaouira_57767821.htm
Appartement À vendre à Témara Wifak 87m²,1450000,"Appartements dans Temara, Wifak",87 m²,2 chambres,2 sdbs,https://www.avito.ma/fr/wifak/appartements/Appartement_%C3%80_vendre_%C3%A0_T%C3%A9mara_Wifak_87m%C2%B2_56368979.htm
Appartement à vendre 128 m² à Bouskoura,1300000,"Appartements dans Bouskoura, Victoria",140 m²,3 chambres,2 sdbs,https://www.avito.ma/fr/victoria/appartements/Appartement_%C3%A0_vendre_128_m%C2%B2_%C3%A0_Bouskoura_57814586.htm
A vendre un bel Appartement refait à neuf,2950000,"Appartements dans Casablanca, Triangle d'Or",200 m²,3 chambres,3 sdbs,https://www.avito.ma/fr/triangle_d_or/appartements/A_vendre_un_bel_Appartement_refait_%C3%A0_neuf_56397805.htm
Appartement neuf haut standing,650000,"Appartements dans Dar Bouazza, Toute la ville",66 m²,2 chambres,2 sdbs,https://www.avito.ma/fr/dar_bouazza/appartements/Appartement_neuf_haut_standing_56888994.htm
Appartement à vendre 5 minutes de Hay Riad,1300000,"Appartements dans Rabat, Guich Oudaya",,2 chambres,2 sdbs,https://www.avito.ma/fr/guich_oudaya/appartements/Appartement_%C3%A0_vendre_5_minutes_de_Hay_Riad_57804392.htm
Appartement à vendre 140 m² à Bouznika,760000,"Appartements dans Bouznika, Autre secteur",146 m²,3 chambres,2 sdbs,https://www.avito.ma/fr/autre_secteur/appartements/Appartement_%C3%A0_vendre_140_m%C2%B2_%C3%A0_Bouznika_56060026.htm
Appartement à vendre 76 m² à Sidi Rahal,620000,"Appartements dans Sidi Rahal, Toute la ville",appartement à vendre 76 m² à sidi rahal,3 chambres,2 sdbs,https://www.avito.ma/fr/sidi_rahal/appartements/Appartement_%C3%A0_vendre_76_m%C2%B2_%C3%A0_Sidi_Rahal_57720145.htm
Appt 92m2 ensoleillé sur Wafa,540000,"Appartements dans Mohammedia, Wafa",,2 chambres,1 sdb,https://www.avito.ma/fr/wafa/appartements/Appt_92m2_ensoleill%C3%A9_sur_Wafa_55947168.htm
APPARTEMENT À VENDRE À ABWAB GUELIZ,700000,"Appartements dans Marrakech, Mabrouka",80 m²,2 chambres,2 sdbs,https://www.avito.ma/fr/mabrouka/appartements/APPARTEMENT_%C3%80_VENDRE_%C3%80_ABWAB_GUELIZ_57325805.htm
Appartement à vendre 233 m² à Rabat,8000000,"Appartements dans Rabat, Hay Riad",appartement à vendre 233 m² à rabat,4 chambres,4 sdbs,https://www.avito.ma/fr/hay_riad/appartements/Appartement_%C3%A0_vendre_233_m%C2%B2_%C3%A0_Rabat_57837107.htm
Appartement neuf à vendre 136 m² à Harhoura Valdor,2400000,"Appartements dans Temara, Harhoura",136 m²,3 chambres,3 sdbs,https://www.avito.ma/fr/harhoura/appartements/Appartement_neuf_%C3%A0_vendre_136_m%C2%B2_%C3%A0_Harhoura_Valdor_56193135.htm
Appartement à vendre 199 m² à Boulevard Zerktouni,3800000,"Appartements dans Casablanca, Maarif",199 m²,3 chambres,3 sdbs,https://www.avito.ma/fr/maarif/appartements/Appartement_%C3%A0_vendre_199_m%C2%B2_%C3%A0_Boulevard_Zerktouni_57706141.htm
APPARTEMENT À VENDRE AU CŒUR DE GUELIZ,2300000,"Appartements dans Marrakech, Guéliz",110 m²,2 chambres,2 sdbs,https://www.avito.ma/fr/gu%C3%A9liz/appartements/APPARTEMENT_%C3%80_VENDRE_AU_C_UR_DE_GUELIZ_57733289.htm
Appartement à vendre,1150000,"Appartements dans Larache, Toute la ville",227 m²,4 chambres,2 sdbs,https://www.avito.ma/fr/larache/appartements/Appartement_%C3%A0_vendre_57696245.htm
Magnifique appartement meublé front de mer,3200000,"Appartements dans Sidi Bouknadel, Toute la ville",,3 chambres,3 sdbs,https://www.avito.ma/fr/sidi_bouknadel/appartements/Magnifique_appartement_meubl%C3%A9_front_de_mer_56008340.htm
Appartement à vendre,600000,"Appartements dans Oujda, Agdal",110 m²,2 chambres,1 sdb,https://www.avito.ma/fr/agdal/appartements/Appartement_%C3%A0_vendre_57837060.htm
Tayssir Dhouha Kénitra,340000,"Appartements dans Kénitra, Ouled Oujih",66 m²,3 chambres,1 sdb,https://www.avito.ma/fr/ouled_oujih/appartements/Tayssir_Dhouha_K%C3%A9nitra_57837036.htm
Appartement à vendre 75 m² à Agadir,1040000,"Appartements dans Agadir, Hay Mohammadi",75 m²,3 chambres,1 sdb,https://www.avito.ma/fr/hay_mohammadi/appartements/Appartement_%C3%A0_vendre_75_m%C2%B2_%C3%A0_Agadir_57837030.htm
Appt 2 ch double salon à vendre à Borgogne ouest,2500000,"Appartements dans Casablanca, Les Princesses",140 m²,2 chambres,2 sdbs,https://www.avito.ma/fr/les_princesses/appartements/Appt_2_ch_double_salon_%C3%A0_vendre_%C3%A0_Borgogne_ouest_56936558.htm
"Appartement à vendre, premier étage à Abwab Marrakech",370000,"Appartements dans Marrakech, Les Portes de Marrakech",50 m²,2 chambres,1 sdb,https://www.avito.ma/fr/les_portes_de_marrakech/appartements/Appartement_%C3%A0_vendre__premier_%C3%A9tage_%C3%A0_Abwab_Marrakech_57836979.htm
Appartement à vendre 70 m² au Vizir Center à Marrakech,1250000,"Appartements dans Marrakech, Route de Casablanca",70 m²,1 chambre,2 sdbs,https://www.avito.ma/fr/route_de_casablanca/appartements/Appartement_%C3%A0_vendre_70_m%C2%B2_au_Vizir_Center_%C3%A0_Marrakech_57822484.htm
Appartements de qualité à vendre à Ain Atiq,850000,"Appartements dans Temara, Ain Atig",88 m²,3 chambres,1 sdb,https://www.avito.ma/fr/ain_atig/appartements/Appartements_de_qualit%C3%A9_%C3%A0_vendre_%C3%A0_Ain_Atiq_56687150.htm
Appartement d’exception front mer- Tamaris Premium,2000000,"Appartements dans Tamaris, Toute la ville",117 m²,2 chambres,1 sdb,https://www.avito.ma/fr/tamaris/appartements/Appartement_d_exception_front_mer__Tamaris_Premium_57728469.htm
Appartement à vendre 83 m² à Ain sebaa,1080000,"Appartements dans Casablanca, Ain Sebaa",83 m²,3 chambres,2 sdbs,https://www.avito.ma/fr/ain_sebaa/appartements/Appartement_%C3%A0_vendre_83_m%C2%B2_%C3%A0_Ain_sebaa_57361684.htm
Appartement à vendre 79m² à Ain Sebaa,948000,"Appartements dans Casablanca, Ain Sebaa",79 m²,3 chambres,2 sdbs,https://www.avito.ma/fr/ain_sebaa/appartements/Appartement_%C3%A0_vendre_79m%C2%B2_%C3%A0_Ain_Sebaa_57279649.htm
Appartement de luxe à vendre vue mer,2340000,"Appartements dans Tanger, Tanger City Center",72 m²,2 chambres,2 sdbs,https://www.avito.ma/fr/tanger_city_center/appartements/Appartement_de_luxe_%C3%A0_vendre_vue_mer_57831775.htm
Appartement à vendre 140 m² la marina Casablanca,3900000,"Appartements dans Casablanca, Marina",155 m²,2 chambres,3 sdbs,https://www.avito.ma/fr/marina/appartements/Appartement_%C3%A0_vendre_140_m%C2%B2_la_marina_Casablanca_56471980.htm
Appartement en face Zone Villa,520000,"Appartements dans Kénitra, Seyad",68 m²,2 chambres,1 sdb,https://www.avito.ma/fr/seyad/appartements/Appartement_en_face_Zone_Villa_57279509.htm
APPARTEMENT RÉSIDENCE TAOUIRT TAGHAZOUT BAY,3200000,"Appartements dans Agadir, Tamraght",99 m²,1 chambre,2 sdbs,https://www.avito.ma/fr/tamraght/appartements/APPARTEMENT_R%C3%89SIDENCE_TAOUIRT_TAGHAZOUT_BAY_57812541.htm
Appartement à vendre 61 m² à Meknès,380000,"Appartements dans Meknès, Autre secteur",64 m²,3 chambres,2 sdbs,https://www.avito.ma/fr/autre_secteur/appartements/Appartement_%C3%A0_vendre_61_m%C2%B2_%C3%A0_Mekn%C3%A8s_57198863.htm
appartement à Bahia Golf beach,1949000,"Appartements dans Bouznika, Autre secteur",121 m²,3 chambres,2 sdbs,https://www.avito.ma/fr/autre_secteur/appartements/appartement_%C3%A0_Bahia_Golf_beach_57728547.htm
Appartement 2 chambres à vendre à Oulfa,900000,"Appartements dans Casablanca, Oulfa",80 m²,2 chambres,2 sdbs,https://www.avito.ma/fr/oulfa/appartements/Appartement_2_chambres_%C3%A0_vendre_%C3%A0_Oulfa_57792383.htm
appartement meublé,460000,"Appartements dans Salé, Said Hajji",55 m²,2 chambres,1 sdb,https://www.avito.ma/fr/said_hajji/appartements/appartement_meubl%C3%A9_57722532.htm
Appartement à louer 60 m² à Casablanca,375000,"Appartements dans Casablanca, Hay Moulay Rachid",60 m²,2 chambres,1 sdb,https://www.avito.ma/fr/hay_moulay_rachid/appartements/Appartement_%C3%A0_louer_60_m%C2%B2_%C3%A0_Casablanca_57836917.htm
Appartement R+2//hawtta,360000,"Appartements dans El Jadida, Autre secteur",70 m²,2 chambres,1 sdb,https://www.avito.ma/fr/autre_secteur/appartements/Appartement_R_2__hawtta_57627228.htm
"Appartement à vendre, 2 Mars Casablanca",2400000,"Appartements dans Casablanca, 2 Mars",159 m²,3 chambres,3 sdbs,https://www.avito.ma/fr/2_mars/appartements/Appartement_%C3%A0_vendre__2_Mars_Casablanca_57807245.htm
Appartement à vendre 82 m² à Kénitra,640000,"Appartements dans Kénitra, alliance",82 m²,2 chambres,2 sdbs,https://www.avito.ma/fr/alliance/appartements/Appartement_%C3%A0_vendre_82_m%C2%B2_%C3%A0_K%C3%A9nitra_57403368.htm
Appartement de Luxe 270 m²–Hay Riad Rabat,8000000,"Appartements dans Rabat, Hay Riad",270 m²,3 chambres,4 sdbs,https://www.avito.ma/fr/hay_riad/appartements/Appartement_de_Luxe_270_m%C2%B2_Hay_Riad_Rabat_57801889.htm
Appartements à vendre 137 m² à Marrakech,2400000,"Appartements dans Marrakech, Guéliz",appartements à vendre 137 m² à marrakech,3 chambres,2 sdbs,https://www.avito.ma/fr/gu%C3%A9liz/appartements/Appartements_%C3%A0_vendre_137_m%C2%B2_%C3%A0_Marrakech_57274587.htm
Appartement à vendre 71 m² à ALMAZ,830000,"Appartements dans Casablanca, Almaz",71 m²,2 chambres,1 sdb,https://www.avito.ma/fr/almaz/appartements/Appartement_%C3%A0_vendre_71_m%C2%B2_%C3%A0_ALMAZ_57442813.htm
Appartement à vendre 88 m² à Dar Bouazza,1200000,"Appartements dans Dar Bouazza, Toute la ville",appartement à vendre 88 m² à dar bouazza,2 chambres,2 sdbs,https://www.avito.ma/fr/dar_bouazza/appartements/Appartement_%C3%A0_vendre_88_m%C2%B2_%C3%A0_Dar_Bouazza_57569111.htm
Exclusivité- Appartement de standing CALIFORNIE,3500000,"Appartements dans Casablanca, Californie",,3 chambres,3 sdbs,https://www.avito.ma/fr/californie/appartements/Exclusivit%C3%A9__Appartement_de_standing_CALIFORNIE_57635735.htm
Appartement à Bouznika,520000,"Appartements dans Bouznika, Autre secteur",,2 chambres,2 sdbs,https://www.avito.ma/fr/autre_secteur/appartements/Appartement_%C3%A0_Bouznika_57112944.htm
Appartement RDC meublé 60m² Route de Guemassa,610000,"Appartements dans Marrakech, M'Hamid",appartement rdc meublé 60m² route de guemassa,2 chambres,1 sdb,https://www.avito.ma/fr/m_hamid/appartements/Appartement_RDC_meubl%C3%A9_60m%C2%B2_Route_de_Guemassa_57826966.htm
Appartement à vendre 256 m² à Tanger,1900000,"Appartements dans Tanger, Achakar",256 m²,3 chambres,3 sdbs,https://www.avito.ma/fr/achakar/appartements/Appartement_%C3%A0_vendre_256_m%C2%B2_%C3%A0_Tanger_57767426.htm
"Appartement à vendre à Settat, prix 28 millions",280000,"Appartements dans Settat, Toute la ville",64 m²,2 chambres,1 sdb,https://www.avito.ma/fr/settat/appartements/Appartement_%C3%A0_vendre_%C3%A0_Settat__prix_28_millions_57836842.htm
Appartement Avec Terrasse à vendre à Tamraght,1030000,"Appartements dans Agadir, Tamraght",80 m²,2 chambres,2 sdbs,https://www.avito.ma/fr/tamraght/appartements/Appartement_Avec_Terrasse_%C3%A0_vendre_%C3%A0_Tamraght_57414199.htm
Appartement à vendre 120 m² à Tanger,2500000,"Appartements dans Tanger, Autre secteur",165 m²,2 chambres,2 sdbs,https://www.avito.ma/fr/autre_secteur/appartements/Appartement_%C3%A0_vendre_120_m%C2%B2_%C3%A0_Tanger_57778013.htm
Appartement à vendre 84 m² à Meknès,380000,"Appartements dans Meknès, El Bassatine",92 m²,2 chambres,2 sdbs,https://www.avito.ma/fr/el_bassatine/appartements/Appartement_%C3%A0_vendre_84_m%C2%B2_%C3%A0_Mekn%C3%A8s_57836833.htm
Appartement de 73 mètres dans un immeuble de seulement 6 appartements,710000,"Appartements dans Temara, Skikina",73 m²,2 chambres,1 sdb,https://www.avito.ma/fr/skikina/appartements/Appartement_de_73_m%C3%A8tres_dans_un_immeuble_de_seulement_6_appartements_57359791.htm
Appartement à vendre 176 m² à Tanger,3500000,"Appartements dans Tanger, Administratif",176 m²,4 chambres,2 sdbs,https://www.avito.ma/fr/administratif/appartements/Appartement_%C3%A0_vendre_176_m%C2%B2_%C3%A0_Tanger_57778075.htm
Appartement à vendre 70 m² à Tanger,1200000,"Appartements dans Tanger, Hay Hassani",appartement à vendre 70 m² à tanger,2 chambres,1 sdb,https://www.avito.ma/fr/hay_hassani/appartements/Appartement_%C3%A0_vendre_70_m%C2%B2_%C3%A0_Tanger_57778111.htm
À vendre appartement de luxe à malabata hills,8000000,"Appartements dans Tanger, Sania",366 m²,3 chambres,2 sdbs,https://www.avito.ma/fr/sania/appartements/%C3%80_vendre_appartement_de_luxe_%C3%A0_malabata_hills_57061349.htm
Appartement à vendre 68 m² à Kénitra,340000,"Appartements dans Kénitra, Bir Rami",68 m²,2 chambres,1 sdb,https://www.avito.ma/fr/bir_rami/appartements/Appartement_%C3%A0_vendre_68_m%C2%B2_%C3%A0_K%C3%A9nitra_57694394.htm
"Appartement au premier étage, résidence Saada",540000,"Appartements dans Agadir, Hay Mohammadi",52 m²,2 chambres,1 sdb,https://www.avito.ma/fr/hay_mohammadi/appartements/Appartement_au_premier_%C3%A9tage__r%C3%A9sidence_Saada_57836763.htm
En face des Forces Auxiliaires,1100000,"Appartements dans Agadir, El Houda",136 m²,3 chambres,1 sdb,https://www.avito.ma/fr/el_houda/appartements/En_face_des_Forces_Auxiliaires_57836766.htm
Appartement à vendre 90 m² à Casablanca,850000,"Appartements dans Casablanca, Ain Sebaa",95 m²,2 chambres,2 sdbs,https://www.avito.ma/fr/ain_sebaa/appartements/Appartement_%C3%A0_vendre_90_m%C2%B2_%C3%A0_Casablanca_57836754.htm
Appartement à vendre résidence Halima 1 38 millions,662451235,"Appartements dans Salé, Toute la ville",56 m²,2 chambres,1 sdb,https://www.avito.ma/fr/sal%C3%A9/appartements/Appartement_%C3%A0_vendre_r%C3%A9sidence_Halima_1_38_millions_57836747.htm
Appartement à vendre 95 m² à Kénitra,490000,"Appartements dans Kénitra, Bir Rami",95 m²,3 chambres,2 sdbs,https://www.avito.ma/fr/bir_rami/appartements/Appartement_%C3%A0_vendre_95_m%C2%B2_%C3%A0_K%C3%A9nitra_57806454.htm
Appartement à vendre 70 m² à Kénitra,340000,"Appartements dans Kénitra, Bir Rami",70 m²,2 chambres,1 sdb,https://www.avito.ma/fr/bir_rami/appartements/Appartement_%C3%A0_vendre_70_m%C2%B2_%C3%A0_K%C3%A9nitra_57806806.htm
Appartement à vendre 90 m² à Kénitra,660000,"Appartements dans Kénitra, Mimosas",90 m²,2 chambres,1 sdb,https://www.avito.ma/fr/mimosas/appartements/Appartement_%C3%A0_vendre_90_m%C2%B2_%C3%A0_K%C3%A9nitra_57726965.htm
Appartement à vendre 80 m² à Kénitra,610000,"Appartements dans Kénitra, Seyad",80 m²,2 chambres,2 sdbs,https://www.avito.ma/fr/seyad/appartements/Appartement_%C3%A0_vendre_80_m%C2%B2_%C3%A0_K%C3%A9nitra_57806414.htm
"Appartement 124 m² – Centre Ville, Tanger",1800000,"Appartements dans Tanger, Centre ville",124 m²,3 chambres,2 sdbs,https://www.avito.ma/fr/centre_ville/appartements/Appartement_124_m%C2%B2___Centre_Ville__Tanger_57723798.htm
Appartement à vendre 90 m² à Kénitra,600000,"Appartements dans Kénitra, Seyad",90 m²,3 chambres,1 sdb,https://www.avito.ma/fr/seyad/appartements/Appartement_%C3%A0_vendre_90_m%C2%B2_%C3%A0_K%C3%A9nitra_57491963.htm
Appartement à vendre 94 m² à Kénitra,680000,"Appartements dans Kénitra, Seyad",94 m²,2 chambres,2 sdbs,https://www.avito.ma/fr/seyad/appartements/Appartement_%C3%A0_vendre_94_m%C2%B2_%C3%A0_K%C3%A9nitra_57806366.htm
Super Appartement Vue sur Mer à Dar Bouazza,2390000,"Appartements dans Dar Bouazza, Toute la ville",132 m²,3 chambres,2 sdbs,https://www.avito.ma/fr/dar_bouazza/appartements/Super_Appartement_Vue_sur_Mer_%C3%A0_Dar_Bouazza_57692835.htm
Appartement à vendre 329 m² à Fès,2300000,"Appartements dans Fès, Champ de course",329 m²,3 chambres,3 sdbs,https://www.avito.ma/fr/champ_de_course/appartements/Appartement_%C3%A0_vendre_329_m%C2%B2_%C3%A0_F%C3%A8s_57661838.htm
Appartement à vendre à Berrechid El Qabbah,340000,"Appartements dans Berrechid, Toute la ville",70 m²,2 chambres,1 sdb,https://www.avito.ma/fr/berrechid/appartements/Appartement_%C3%A0_vendre_%C3%A0_Berrechid_El_Qabbah_57707198.htm
Appartement de Grande Superficie 93 m²,850000,"Appartements dans Marrakech, Hay Charaf",93 m²,2 chambres,1 sdb,https://www.avito.ma/fr/hay_charaf/appartements/Appartement_de_Grande_Superficie_93_m%C2%B2_57807028.htm
Nouvel appartement à vendre,11760000,"Appartements dans Casablanca, Ain Sebaa",,3 chambres,2 sdbs,https://www.avito.ma/fr/ain_sebaa/appartements/Nouvel_appartement_%C3%A0_vendre_57772603.htm
Appartement divisé en 2 studios à 2 min de Marina,3200000,"Appartements dans Tanger, Autre secteur",84 m²,2 chambres,2 sdbs,https://www.avito.ma/fr/autre_secteur/appartements/Appartement_divis%C3%A9_en_2_studios_%C3%A0_2_min_de_Marina_57108799.htm
Appartements à vendre,3000000,"Appartements dans Agadir, Haut-Founty",187 m²,3 chambres,3 sdbs,https://www.avito.ma/fr/haut_founty/appartements/Appartements_%C3%A0_vendre_57157671.htm
Appartement à vendre 85 m²,1350000,"Appartements dans Casablanca, 2 Mars",80 m²,2 chambres,2 sdbs,https://www.avito.ma/fr/2_mars/appartements/Appartement_%C3%A0_vendre_85_m%C2%B2_57831380.htm
Appartement à vendre,550000,"Appartements dans Tanger, Autre secteur",60 m²,2 chambres,1 sdb,https://www.avito.ma/fr/autre_secteur/appartements/Appartement_%C3%A0_vendre_57762062.htm
Appartement à vendre Abdelatif Ben Kaddour,3500000,"Appartements dans Casablanca, Anfa",,3 chambres,2 sdbs,https://www.avito.ma/fr/anfa/appartements/Appartement_%C3%A0_vendre_Abdelatif_Ben_Kaddour_57554171.htm
Bel appartement à vendre meublé prêt à habiter,720000,"Appartements dans Agadir, El Houda",61 m²,2 chambres,2 sdbs,https://www.avito.ma/fr/el_houda/appartements/Bel_appartement_%C3%A0_vendre_meubl%C3%A9_pr%C3%AAt_%C3%A0_habiter_57836686.htm
Urgent à vendre grand appartement deux façade,1990000,"Appartements dans Casablanca, Belvédère",250 m²,5 chambres,3 sdbs,https://www.avito.ma/fr/belv%C3%A9d%C3%A8re/appartements/Urgent_%C3%A0_vendre_grand_appartement_deux_fa%C3%A7ade_57622437.htm
